Host,Protocol,Local Address,Port,State
localhost,tcp,0.0.0.0,111,LISTEN
localhost,tcp,0.0.0.0,22,LISTEN
localhost,tcp,0.0.0.0,27059,LISTEN
localhost,tcp,0.0.0.0,40531,LISTEN
localhost,tcp,0.0.0.0,41481,LISTEN
localhost,tcp,0.0.0.0,41691,LISTEN
localhost,tcp,0.0.0.0,41737,LISTEN
localhost,tcp,0.0.0.0,41997,LISTEN
localhost,tcp,0.0.0.0,42127,LISTEN
localhost,tcp,0.0.0.0,42155,LISTEN
localhost,tcp,0.0.0.0,43063,LISTEN
localhost,tcp,0.0.0.0,44115,LISTEN
localhost,tcp,0.0.0.0,44633,LISTEN
localhost,tcp,0.0.0.0,44693,LISTEN
localhost,tcp,0.0.0.0,44815,LISTEN
localhost,tcp,0.0.0.0,46197,LISTEN
localhost,tcp,0.0.0.0,46651,LISTEN
localhost,tcp,0.0.0.0,46943,LISTEN
localhost,tcp,0.0.0.0,47933,LISTEN
localhost,tcp,0.0.0.0,47945,LISTEN
localhost,tcp,0.0.0.0,47955,LISTEN
localhost,tcp,0.0.0.0,48119,LISTEN
localhost,tcp,0.0.0.0,48527,LISTEN
localhost,tcp,0.0.0.0,48713,LISTEN
localhost,tcp,0.0.0.0,49461,LISTEN
localhost,tcp,0.0.0.0,50033,LISTEN
localhost,tcp,0.0.0.0,50235,LISTEN
localhost,tcp,0.0.0.0,50493,LISTEN
localhost,tcp,0.0.0.0,50579,LISTEN
localhost,tcp,0.0.0.0,50587,LISTEN
localhost,tcp,0.0.0.0,50801,LISTEN
localhost,tcp,0.0.0.0,51347,LISTEN
localhost,tcp,0.0.0.0,51719,LISTEN
localhost,tcp,0.0.0.0,52107,LISTEN
localhost,tcp,0.0.0.0,6111,LISTEN
localhost,tcp,0.0.0.0,6112,LISTEN
localhost,tcp,0.0.0.0,6113,LISTEN
localhost,tcp,0.0.0.0,6211,LISTEN
localhost,tcp,0.0.0.0,6212,LISTEN
localhost,tcp,0.0.0.0,6213,LISTEN
localhost,tcp,0.0.0.0,6601,LISTEN
localhost,tcp,0.0.0.0,6915,LISTEN
localhost,tcp,0.0.0.0,6916,LISTEN
localhost,tcp,0.0.0.0,815,LISTEN
localhost,tcp,0.0.0.0,8888,LISTEN
localhost,tcp,0.0.0.0,9090,LISTEN
localhost,tcp,10.216.84.137,20022,LISTEN
localhost,tcp,10.216.84.137,22,LISTEN
localhost,tcp,10.216.84.140,16563,LISTEN
localhost,tcp,10.216.84.140,4443,LISTEN
localhost,tcp,10.216.84.140,4444,LISTEN
localhost,tcp,10.216.84.146,17107,LISTEN
localhost,tcp,10.216.84.146,17112,LISTEN
localhost,tcp,10.216.84.146,17131,LISTEN
localhost,tcp,10.216.84.146,8080,LISTEN
localhost,tcp,10.216.84.146,8081,LISTEN
localhost,tcp,10.216.84.146,8443,LISTEN
localhost,tcp,10.217.86.20,10250,LISTEN
localhost,tcp,10.217.86.20,10256,LISTEN
localhost,tcp,10.217.86.20,14311,LISTEN
localhost,tcp,10.217.86.20,14314,LISTEN
localhost,tcp,10.217.86.20,14316,LISTEN
localhost,tcp,10.217.86.20,14317,LISTEN
localhost,tcp,10.217.86.20,20022,LISTEN
localhost,tcp,10.217.86.20,22852,LISTEN
localhost,tcp,10.217.86.20,65002,LISTEN
localhost,tcp,10.217.86.20,65202,LISTEN
localhost,tcp,10.217.86.21,10250,LISTEN
localhost,tcp,10.217.86.21,10256,LISTEN
localhost,tcp,10.217.86.21,14311,LISTEN
localhost,tcp,10.217.86.21,14314,LISTEN
localhost,tcp,10.217.86.21,14316,LISTEN
localhost,tcp,10.217.86.21,14317,LISTEN
localhost,tcp,10.217.86.21,22852,LISTEN
localhost,tcp,10.217.86.21,65002,LISTEN
localhost,tcp,10.217.86.21,65202,LISTEN
localhost,tcp,10.217.86.22,10250,LISTEN
localhost,tcp,10.217.86.22,10256,LISTEN
localhost,tcp,10.217.86.22,14311,LISTEN
localhost,tcp,10.217.86.22,14314,LISTEN
localhost,tcp,10.217.86.22,14316,LISTEN
localhost,tcp,10.217.86.22,14317,LISTEN
localhost,tcp,10.217.86.22,20022,LISTEN
localhost,tcp,10.217.86.22,22852,LISTEN
localhost,tcp,10.217.86.22,65002,LISTEN
localhost,tcp,10.217.86.22,65202,LISTEN
localhost,tcp,10.217.86.23,10250,LISTEN
localhost,tcp,10.217.86.23,10256,LISTEN
localhost,tcp,10.217.86.23,14311,LISTEN
localhost,tcp,10.217.86.23,14314,LISTEN
localhost,tcp,10.217.86.23,14316,LISTEN
localhost,tcp,10.217.86.23,14317,LISTEN
localhost,tcp,10.217.86.23,20022,LISTEN
localhost,tcp,10.217.86.23,22852,LISTEN
localhost,tcp,10.217.86.23,65002,LISTEN
localhost,tcp,10.217.86.23,65202,LISTEN
localhost,tcp,10.217.86.24,10250,LISTEN
localhost,tcp,10.217.86.24,10256,LISTEN
localhost,tcp,10.217.86.24,14311,LISTEN
localhost,tcp,10.217.86.24,14314,LISTEN
localhost,tcp,10.217.86.24,14316,LISTEN
localhost,tcp,10.217.86.24,14317,LISTEN
localhost,tcp,10.217.86.24,20022,LISTEN
localhost,tcp,10.217.86.24,22852,LISTEN
localhost,tcp,10.217.86.24,65002,LISTEN
localhost,tcp,10.217.86.24,65202,LISTEN
localhost,tcp,10.217.86.25,10250,LISTEN
localhost,tcp,10.217.86.25,10256,LISTEN
localhost,tcp,10.217.86.25,14311,LISTEN
localhost,tcp,10.217.86.25,14314,LISTEN
localhost,tcp,10.217.86.25,14316,LISTEN
localhost,tcp,10.217.86.25,14317,LISTEN
localhost,tcp,10.217.86.25,20022,LISTEN
localhost,tcp,10.217.86.25,22852,LISTEN
localhost,tcp,10.217.86.25,65002,LISTEN
localhost,tcp,10.217.86.25,65202,LISTEN
localhost,tcp,10.217.86.26,10250,LISTEN
localhost,tcp,10.217.86.26,10256,LISTEN
localhost,tcp,10.217.86.26,14311,LISTEN
localhost,tcp,10.217.86.26,14314,LISTEN
localhost,tcp,10.217.86.26,14316,LISTEN
localhost,tcp,10.217.86.26,14317,LISTEN
localhost,tcp,10.217.86.26,20022,LISTEN
localhost,tcp,10.217.86.26,22852,LISTEN
localhost,tcp,10.217.86.26,65002,LISTEN
localhost,tcp,10.217.86.26,65202,LISTEN
localhost,tcp,10.217.86.27,10250,LISTEN
localhost,tcp,10.217.86.27,10256,LISTEN
localhost,tcp,10.217.86.27,14311,LISTEN
localhost,tcp,10.217.86.27,14314,LISTEN
localhost,tcp,10.217.86.27,14316,LISTEN
localhost,tcp,10.217.86.27,14317,LISTEN
localhost,tcp,10.217.86.27,20022,LISTEN
localhost,tcp,10.217.86.27,22852,LISTEN
localhost,tcp,10.217.86.27,65002,LISTEN
localhost,tcp,10.217.86.27,65202,LISTEN
localhost,tcp,10.217.86.28,10250,LISTEN
localhost,tcp,10.217.86.28,10256,LISTEN
localhost,tcp,10.217.86.28,14311,LISTEN
localhost,tcp,10.217.86.28,14314,LISTEN
localhost,tcp,10.217.86.28,14316,LISTEN
localhost,tcp,10.217.86.28,14317,LISTEN
localhost,tcp,10.217.86.28,20022,LISTEN
localhost,tcp,10.217.86.28,22852,LISTEN
localhost,tcp,10.217.86.28,65002,LISTEN
localhost,tcp,10.217.86.28,65202,LISTEN
localhost,tcp,10.217.86.29,10250,LISTEN
localhost,tcp,10.217.86.29,10256,LISTEN
localhost,tcp,10.217.86.29,14311,LISTEN
localhost,tcp,10.217.86.29,14314,LISTEN
localhost,tcp,10.217.86.29,14316,LISTEN
localhost,tcp,10.217.86.29,14317,LISTEN
localhost,tcp,10.217.86.29,20022,LISTEN
localhost,tcp,10.217.86.29,22852,LISTEN
localhost,tcp,10.217.86.29,65002,LISTEN
localhost,tcp,10.217.86.29,65202,LISTEN
localhost,tcp,10.217.86.30,10250,LISTEN
localhost,tcp,10.217.86.30,10256,LISTEN
localhost,tcp,10.217.86.30,14311,LISTEN
localhost,tcp,10.217.86.30,14314,LISTEN
localhost,tcp,10.217.86.30,14316,LISTEN
localhost,tcp,10.217.86.30,14317,LISTEN
localhost,tcp,10.217.86.30,20022,LISTEN
localhost,tcp,10.217.86.30,65002,LISTEN
localhost,tcp,10.217.86.30,65202,LISTEN
localhost,tcp,10.217.86.30,8445,LISTEN
localhost,tcp,10.217.86.30,8446,LISTEN
localhost,tcp,10.217.86.30,8447,LISTEN
localhost,tcp,10.217.86.30,8557,LISTEN
localhost,tcp,10.217.86.31,10250,LISTEN
localhost,tcp,10.217.86.31,10256,LISTEN
localhost,tcp,10.217.86.31,14311,LISTEN
localhost,tcp,10.217.86.31,14314,LISTEN
localhost,tcp,10.217.86.31,14316,LISTEN
localhost,tcp,10.217.86.31,14317,LISTEN
localhost,tcp,10.217.86.31,20022,LISTEN
localhost,tcp,10.217.86.31,65002,LISTEN
localhost,tcp,10.217.86.31,65202,LISTEN
localhost,tcp,10.217.86.31,8445,LISTEN
localhost,tcp,10.217.86.31,8446,LISTEN
localhost,tcp,10.217.86.31,8447,LISTEN
localhost,tcp,10.217.86.31,8557,LISTEN
localhost,tcp,10.217.86.44,10250,LISTEN
localhost,tcp,10.217.86.44,10256,LISTEN
localhost,tcp,10.217.86.44,14311,LISTEN
localhost,tcp,10.217.86.44,14314,LISTEN
localhost,tcp,10.217.86.44,14316,LISTEN
localhost,tcp,10.217.86.44,14317,LISTEN
localhost,tcp,10.217.86.44,20022,LISTEN
localhost,tcp,10.217.86.44,65002,LISTEN
localhost,tcp,10.217.86.44,65202,LISTEN
localhost,tcp,10.217.86.45,10250,LISTEN
localhost,tcp,10.217.86.45,10256,LISTEN
localhost,tcp,10.217.86.45,14311,LISTEN
localhost,tcp,10.217.86.45,14314,LISTEN
localhost,tcp,10.217.86.45,14316,LISTEN
localhost,tcp,10.217.86.45,14317,LISTEN
localhost,tcp,10.217.86.45,20022,LISTEN
localhost,tcp,10.217.86.45,65002,LISTEN
localhost,tcp,10.217.86.45,65202,LISTEN
localhost,tcp,10.217.86.46,10250,LISTEN
localhost,tcp,10.217.86.46,10256,LISTEN
localhost,tcp,10.217.86.46,1127,LISTEN
localhost,tcp,10.217.86.46,14311,LISTEN
localhost,tcp,10.217.86.46,14314,LISTEN
localhost,tcp,10.217.86.46,14316,LISTEN
localhost,tcp,10.217.86.46,14317,LISTEN
localhost,tcp,10.217.86.46,18443,LISTEN
localhost,tcp,10.217.86.46,20022,LISTEN
localhost,tcp,10.217.86.46,65002,LISTEN
localhost,tcp,10.217.86.46,65202,LISTEN
localhost,tcp,10.217.86.49,10250,LISTEN
localhost,tcp,10.217.86.49,10256,LISTEN
localhost,tcp,10.217.86.49,14599,LISTEN
localhost,tcp,10.217.86.49,20022,LISTEN
localhost,tcp,10.217.86.49,22,LISTEN
localhost,tcp,10.217.86.49,2380,LISTEN
localhost,tcp,10.217.86.49,4001,LISTEN
localhost,tcp,10.217.86.49,5443,LISTEN
localhost,tcp,10.217.86.49,65002,LISTEN
localhost,tcp,10.217.86.49,8082,LISTEN
localhost,tcp,10.217.86.50,10250,LISTEN
localhost,tcp,10.217.86.50,10256,LISTEN
localhost,tcp,10.217.86.50,14599,LISTEN
localhost,tcp,10.217.86.50,20022,LISTEN
localhost,tcp,10.217.86.50,22,LISTEN
localhost,tcp,10.217.86.50,2380,LISTEN
localhost,tcp,10.217.86.50,4001,LISTEN
localhost,tcp,10.217.86.50,5443,LISTEN
localhost,tcp,10.217.86.50,65002,LISTEN
localhost,tcp,10.217.86.50,8082,LISTEN
localhost,tcp,10.217.86.51,10250,LISTEN
localhost,tcp,10.217.86.51,10256,LISTEN
localhost,tcp,10.217.86.51,20022,LISTEN
localhost,tcp,10.217.86.51,22,LISTEN
localhost,tcp,10.217.86.51,2380,LISTEN
localhost,tcp,10.217.86.51,4001,LISTEN
localhost,tcp,10.217.86.51,65002,LISTEN
localhost,tcp,10.217.86.52,20202,LISTEN
localhost,tcp,10.217.86.52,22,LISTEN
localhost,tcp,10.217.86.52,5001,LISTEN
localhost,tcp,10.217.86.52,6443,LISTEN
localhost,tcp,10.217.86.61,10250,LISTEN
localhost,tcp,10.217.86.61,10256,LISTEN
localhost,tcp,10.217.86.61,14311,LISTEN
localhost,tcp,10.217.86.61,14314,LISTEN
localhost,tcp,10.217.86.61,14316,LISTEN
localhost,tcp,10.217.86.61,14317,LISTEN
localhost,tcp,10.217.86.61,17001,LISTEN
localhost,tcp,10.217.86.61,17002,LISTEN
localhost,tcp,10.217.86.61,17004,LISTEN
localhost,tcp,10.217.86.61,17005,LISTEN
localhost,tcp,10.217.86.61,17006,LISTEN
localhost,tcp,10.217.86.61,20022,LISTEN
localhost,tcp,10.217.86.61,22,LISTEN
localhost,tcp,10.217.86.61,4444,LISTEN
localhost,tcp,10.217.86.61,4543,LISTEN
localhost,tcp,10.217.86.61,4643,LISTEN
localhost,tcp,10.217.86.61,4743,LISTEN
localhost,tcp,10.217.86.61,5447,LISTEN
localhost,tcp,10.217.86.61,5448,LISTEN
localhost,tcp,10.217.86.61,5449,LISTEN
localhost,tcp,10.217.86.61,65002,LISTEN
localhost,tcp,10.217.86.61,65202,LISTEN
localhost,tcp,10.217.86.62,10250,LISTEN
localhost,tcp,10.217.86.62,10256,LISTEN
localhost,tcp,10.217.86.62,14311,LISTEN
localhost,tcp,10.217.86.62,14314,LISTEN
localhost,tcp,10.217.86.62,14316,LISTEN
localhost,tcp,10.217.86.62,14317,LISTEN
localhost,tcp,10.217.86.62,17001,LISTEN
localhost,tcp,10.217.86.62,17004,LISTEN
localhost,tcp,10.217.86.62,17005,LISTEN
localhost,tcp,10.217.86.62,17006,LISTEN
localhost,tcp,10.217.86.62,17007,LISTEN
localhost,tcp,10.217.86.62,20022,LISTEN
localhost,tcp,10.217.86.62,4543,LISTEN
localhost,tcp,10.217.86.62,4643,LISTEN
localhost,tcp,10.217.86.62,5448,LISTEN
localhost,tcp,10.217.86.62,5449,LISTEN
localhost,tcp,10.217.86.62,65002,LISTEN
localhost,tcp,10.217.86.62,65202,LISTEN
localhost,tcp,10.217.86.64,10250,LISTEN
localhost,tcp,10.217.86.64,10256,LISTEN
localhost,tcp,10.217.86.64,14311,LISTEN
localhost,tcp,10.217.86.64,14314,LISTEN
localhost,tcp,10.217.86.64,14316,LISTEN
localhost,tcp,10.217.86.64,14317,LISTEN
localhost,tcp,10.217.86.64,20022,LISTEN
localhost,tcp,10.217.86.64,65002,LISTEN
localhost,tcp,10.217.86.64,65202,LISTEN
localhost,tcp,10.217.86.64,8445,LISTEN
localhost,tcp,10.217.86.64,8446,LISTEN
localhost,tcp,10.217.86.64,8447,LISTEN
localhost,tcp,10.217.86.65,10250,LISTEN
localhost,tcp,10.217.86.65,10256,LISTEN
localhost,tcp,10.217.86.65,14311,LISTEN
localhost,tcp,10.217.86.65,14314,LISTEN
localhost,tcp,10.217.86.65,14316,LISTEN
localhost,tcp,10.217.86.65,20022,LISTEN
localhost,tcp,10.217.86.65,65002,LISTEN
localhost,tcp,10.217.86.65,65202,LISTEN
localhost,tcp,10.217.86.65,8445,LISTEN
localhost,tcp,10.217.86.65,8446,LISTEN
localhost,tcp,10.217.86.65,8447,LISTEN
localhost,tcp,10.217.86.66,10250,LISTEN
localhost,tcp,10.217.86.66,10256,LISTEN
localhost,tcp,10.217.86.66,14311,LISTEN
localhost,tcp,10.217.86.66,14314,LISTEN
localhost,tcp,10.217.86.66,14316,LISTEN
localhost,tcp,10.217.86.66,14317,LISTEN
localhost,tcp,10.217.86.66,20022,LISTEN
localhost,tcp,10.217.86.66,65002,LISTEN
localhost,tcp,10.217.86.66,65202,LISTEN
localhost,tcp,10.217.86.67,10250,LISTEN
localhost,tcp,10.217.86.67,10256,LISTEN
localhost,tcp,10.217.86.67,14311,LISTEN
localhost,tcp,10.217.86.67,14314,LISTEN
localhost,tcp,10.217.86.67,14316,LISTEN
localhost,tcp,10.217.86.67,14317,LISTEN
localhost,tcp,10.217.86.67,20022,LISTEN
localhost,tcp,10.217.86.67,65002,LISTEN
localhost,tcp,10.217.86.67,65202,LISTEN
localhost,tcp,10.217.86.68,10250,LISTEN
localhost,tcp,10.217.86.68,10256,LISTEN
localhost,tcp,10.217.86.68,14311,LISTEN
localhost,tcp,10.217.86.68,14314,LISTEN
localhost,tcp,10.217.86.68,14316,LISTEN
localhost,tcp,10.217.86.68,20022,LISTEN
localhost,tcp,10.217.86.68,22,LISTEN
localhost,tcp,10.217.86.68,65002,LISTEN
localhost,tcp,10.217.86.68,65202,LISTEN
localhost,tcp,10.217.86.69,10250,LISTEN
localhost,tcp,10.217.86.69,10256,LISTEN
localhost,tcp,10.217.86.69,14311,LISTEN
localhost,tcp,10.217.86.69,14314,LISTEN
localhost,tcp,10.217.86.69,14316,LISTEN
localhost,tcp,10.217.86.69,14317,LISTEN
localhost,tcp,10.217.86.69,20022,LISTEN
localhost,tcp,10.217.86.69,65002,LISTEN
localhost,tcp,10.217.86.69,65202,LISTEN
localhost,tcp,10.217.86.70,10250,LISTEN
localhost,tcp,10.217.86.70,10256,LISTEN
localhost,tcp,10.217.86.70,14311,LISTEN
localhost,tcp,10.217.86.70,14314,LISTEN
localhost,tcp,10.217.86.70,14316,LISTEN
localhost,tcp,10.217.86.70,14317,LISTEN
localhost,tcp,10.217.86.70,20022,LISTEN
localhost,tcp,10.217.86.70,22852,LISTEN
localhost,tcp,10.217.86.70,65002,LISTEN
localhost,tcp,10.217.86.70,65202,LISTEN
localhost,tcp,10.217.86.71,10250,LISTEN
localhost,tcp,10.217.86.71,10256,LISTEN
localhost,tcp,10.217.86.71,14311,LISTEN
localhost,tcp,10.217.86.71,14314,LISTEN
localhost,tcp,10.217.86.71,14316,LISTEN
localhost,tcp,10.217.86.71,14317,LISTEN
localhost,tcp,10.217.86.71,20022,LISTEN
localhost,tcp,10.217.86.71,65002,LISTEN
localhost,tcp,10.217.86.71,65202,LISTEN
localhost,tcp,10.217.86.72,10250,LISTEN
localhost,tcp,10.217.86.72,10256,LISTEN
localhost,tcp,10.217.86.72,14311,LISTEN
localhost,tcp,10.217.86.72,14314,LISTEN
localhost,tcp,10.217.86.72,14316,LISTEN
localhost,tcp,10.217.86.72,14317,LISTEN
localhost,tcp,10.217.86.72,20022,LISTEN
localhost,tcp,10.217.86.72,65002,LISTEN
localhost,tcp,10.217.86.72,65202,LISTEN
localhost,tcp,10.217.86.73,10250,LISTEN
localhost,tcp,10.217.86.73,10256,LISTEN
localhost,tcp,10.217.86.73,14311,LISTEN
localhost,tcp,10.217.86.73,14314,LISTEN
localhost,tcp,10.217.86.73,14316,LISTEN
localhost,tcp,10.217.86.73,14317,LISTEN
localhost,tcp,10.217.86.73,20022,LISTEN
localhost,tcp,10.217.86.73,65002,LISTEN
localhost,tcp,10.217.86.73,65202,LISTEN
localhost,tcp,10.217.86.74,10250,LISTEN
localhost,tcp,10.217.86.74,10256,LISTEN
localhost,tcp,10.217.86.74,14311,LISTEN
localhost,tcp,10.217.86.74,14316,LISTEN
localhost,tcp,10.217.86.74,14317,LISTEN
localhost,tcp,10.217.86.74,20022,LISTEN
localhost,tcp,10.217.86.74,65002,LISTEN
localhost,tcp,10.217.86.74,65202,LISTEN
localhost,tcp,10.217.86.75,10250,LISTEN
localhost,tcp,10.217.86.75,10256,LISTEN
localhost,tcp,10.217.86.75,14311,LISTEN
localhost,tcp,10.217.86.75,14314,LISTEN
localhost,tcp,10.217.86.75,14316,LISTEN
localhost,tcp,10.217.86.75,14317,LISTEN
localhost,tcp,10.217.86.75,20022,LISTEN
localhost,tcp,10.217.86.75,65002,LISTEN
localhost,tcp,10.217.86.75,65202,LISTEN
localhost,tcp,10.217.86.76,10250,LISTEN
localhost,tcp,10.217.86.76,10256,LISTEN
localhost,tcp,10.217.86.76,14311,LISTEN
localhost,tcp,10.217.86.76,14314,LISTEN
localhost,tcp,10.217.86.76,14316,LISTEN
localhost,tcp,10.217.86.76,14317,LISTEN
localhost,tcp,10.217.86.76,20022,LISTEN
localhost,tcp,10.217.86.76,65002,LISTEN
localhost,tcp,10.217.86.76,65202,LISTEN
localhost,tcp,10.217.86.77,10250,LISTEN
localhost,tcp,10.217.86.77,10256,LISTEN
localhost,tcp,10.217.86.77,14311,LISTEN
localhost,tcp,10.217.86.77,14314,LISTEN
localhost,tcp,10.217.86.77,14316,LISTEN
localhost,tcp,10.217.86.77,14317,LISTEN
localhost,tcp,10.217.86.77,20022,LISTEN
localhost,tcp,10.217.86.77,65002,LISTEN
localhost,tcp,10.217.86.77,65202,LISTEN
localhost,tcp,10.217.86.78,10250,LISTEN
localhost,tcp,10.217.86.78,10256,LISTEN
localhost,tcp,10.217.86.78,14311,LISTEN
localhost,tcp,10.217.86.78,14314,LISTEN
localhost,tcp,10.217.86.78,14316,LISTEN
localhost,tcp,10.217.86.78,14317,LISTEN
localhost,tcp,10.217.86.78,20022,LISTEN
localhost,tcp,10.217.86.78,65002,LISTEN
localhost,tcp,10.217.86.78,65202,LISTEN
localhost,tcp,10.217.86.79,10250,LISTEN
localhost,tcp,10.217.86.79,10256,LISTEN
localhost,tcp,10.217.86.79,14311,LISTEN
localhost,tcp,10.217.86.79,14314,LISTEN
localhost,tcp,10.217.86.79,14316,LISTEN
localhost,tcp,10.217.86.79,14317,LISTEN
localhost,tcp,10.217.86.79,20022,LISTEN
localhost,tcp,10.217.86.79,65002,LISTEN
localhost,tcp,10.217.86.79,65202,LISTEN
localhost,tcp,10.217.86.80,10250,LISTEN
localhost,tcp,10.217.86.80,10256,LISTEN
localhost,tcp,10.217.86.80,14311,LISTEN
localhost,tcp,10.217.86.80,14314,LISTEN
localhost,tcp,10.217.86.80,14316,LISTEN
localhost,tcp,10.217.86.80,14317,LISTEN
localhost,tcp,10.217.86.80,20022,LISTEN
localhost,tcp,10.217.86.80,65002,LISTEN
localhost,tcp,10.217.86.80,65202,LISTEN
localhost,tcp,10.217.86.81,10250,LISTEN
localhost,tcp,10.217.86.81,10256,LISTEN
localhost,tcp,10.217.86.81,14311,LISTEN
localhost,tcp,10.217.86.81,14314,LISTEN
localhost,tcp,10.217.86.81,14316,LISTEN
localhost,tcp,10.217.86.81,14317,LISTEN
localhost,tcp,10.217.86.81,20022,LISTEN
localhost,tcp,10.217.86.81,65002,LISTEN
localhost,tcp,10.217.86.81,65202,LISTEN
localhost,tcp,10.217.86.82,10250,LISTEN
localhost,tcp,10.217.86.82,10256,LISTEN
localhost,tcp,10.217.86.82,14311,LISTEN
localhost,tcp,10.217.86.82,14314,LISTEN
localhost,tcp,10.217.86.82,14316,LISTEN
localhost,tcp,10.217.86.82,14317,LISTEN
localhost,tcp,10.217.86.82,20022,LISTEN
localhost,tcp,10.217.86.82,65002,LISTEN
localhost,tcp,10.217.86.82,65202,LISTEN
localhost,tcp,10.217.86.83,10250,LISTEN
localhost,tcp,10.217.86.83,10256,LISTEN
localhost,tcp,10.217.86.83,14311,LISTEN
localhost,tcp,10.217.86.83,14314,LISTEN
localhost,tcp,10.217.86.83,14316,LISTEN
localhost,tcp,10.217.86.83,14317,LISTEN
localhost,tcp,10.217.86.83,20022,LISTEN
localhost,tcp,10.217.86.83,22852,LISTEN
localhost,tcp,10.217.86.83,65002,LISTEN
localhost,tcp,10.217.86.83,65202,LISTEN
localhost,tcp,10.217.86.84,10250,LISTEN
localhost,tcp,10.217.86.84,14311,LISTEN
localhost,tcp,10.217.86.84,14314,LISTEN
localhost,tcp,10.217.86.84,14316,LISTEN
localhost,tcp,10.217.86.84,14317,LISTEN
localhost,tcp,10.217.86.84,20022,LISTEN
localhost,tcp,10.217.86.84,22852,LISTEN
localhost,tcp,10.217.86.84,65002,LISTEN
localhost,tcp,10.217.86.84,65202,LISTEN
localhost,tcp,10.217.86.94,53,LISTEN
localhost,tcp,10.217.86.95,17107,LISTEN
localhost,tcp,10.217.86.95,17112,LISTEN
localhost,tcp,10.217.86.95,17131,LISTEN
localhost,tcp,10.217.86.95,8080,LISTEN
localhost,tcp,10.217.86.95,8081,LISTEN
localhost,tcp,182.10.48.0,20022,LISTEN
localhost,tcp,182.10.5.0,20022,LISTEN
localhost,tcp,182.10.5.1,20022,LISTEN
localhost,tcp,182.10.6.0,20022,LISTEN
localhost,tcp,182.10.7.0,20022,LISTEN
localhost,tcp,192.168.210.5,53,LISTEN
localhost,tcp,192.168.96.30,20022,LISTEN
localhost,tcp,192.168.96.31,20022,LISTEN
localhost,tcp,192.168.96.46,20022,LISTEN
localhost,tcp,192.168.96.61,16223,LISTEN
localhost,tcp,192.168.96.61,16553,LISTEN
localhost,tcp,192.168.96.61,16563,LISTEN
localhost,tcp,192.168.96.61,18800,LISTEN
localhost,tcp,192.168.96.61,18801,LISTEN
localhost,tcp,192.168.96.61,18806,LISTEN
localhost,tcp,192.168.96.61,18807,LISTEN
localhost,tcp,192.168.96.61,18808,LISTEN
localhost,tcp,192.168.96.61,18809,LISTEN
localhost,tcp,192.168.96.61,18810,LISTEN
localhost,tcp,192.168.96.61,18811,LISTEN
localhost,tcp,192.168.96.61,18820,LISTEN
localhost,tcp,192.168.96.61,18821,LISTEN
localhost,tcp,192.168.96.61,18888,LISTEN
localhost,tcp,192.168.96.61,19999,LISTEN
localhost,tcp,192.168.96.61,20022,LISTEN
localhost,tcp,192.168.96.61,21066,LISTEN
localhost,tcp,192.168.96.61,21088,LISTEN
localhost,tcp,192.168.96.61,21188,LISTEN
localhost,tcp,192.168.96.61,21189,LISTEN
localhost,tcp,192.168.96.61,21550,LISTEN
localhost,tcp,192.168.96.61,22088,LISTEN
localhost,tcp,192.168.96.61,22,LISTEN
localhost,tcp,192.168.96.61,34555,LISTEN
localhost,tcp,192.168.96.61,34556,LISTEN
localhost,tcp,192.168.96.61,34557,LISTEN
localhost,tcp,192.168.96.61,4444,LISTEN
localhost,tcp,192.168.96.61,4543,LISTEN
localhost,tcp,192.168.96.61,4643,LISTEN
localhost,tcp,192.168.96.61,4743,LISTEN
localhost,tcp,192.168.96.61,4943,LISTEN
localhost,tcp,192.168.96.61,6448,LISTEN
localhost,tcp,192.168.96.61,6449,LISTEN
localhost,tcp,192.168.96.62,16223,LISTEN
localhost,tcp,192.168.96.62,16553,LISTEN
localhost,tcp,192.168.96.62,16563,LISTEN
localhost,tcp,192.168.96.62,18800,LISTEN
localhost,tcp,192.168.96.62,18801,LISTEN
localhost,tcp,192.168.96.62,18807,LISTEN
localhost,tcp,192.168.96.62,18810,LISTEN
localhost,tcp,192.168.96.62,18811,LISTEN
localhost,tcp,192.168.96.62,18820,LISTEN
localhost,tcp,192.168.96.62,18821,LISTEN
localhost,tcp,192.168.96.62,18888,LISTEN
localhost,tcp,192.168.96.62,21066,LISTEN
localhost,tcp,192.168.96.62,21188,LISTEN
localhost,tcp,192.168.96.62,21189,LISTEN
localhost,tcp,192.168.96.62,21550,LISTEN
localhost,tcp,192.168.96.62,34556,LISTEN
localhost,tcp,192.168.96.62,34557,LISTEN
localhost,tcp,192.168.96.62,4543,LISTEN
localhost,tcp,192.168.96.62,4643,LISTEN
localhost,tcp,192.168.96.62,6448,LISTEN
localhost,tcp,192.168.96.62,6449,LISTEN
localhost,tcp,192.168.96.63,17107,LISTEN
localhost,tcp,192.168.96.63,17112,LISTEN
localhost,tcp,192.168.96.63,17131,LISTEN
localhost,tcp,192.168.96.63,19143,LISTEN
localhost,tcp,192.168.96.63,8080,LISTEN
localhost,tcp,192.168.96.63,8081,LISTEN
localhost,tcp,192.168.96.63,8085,LISTEN
localhost,tcp,192.168.96.63,8086,LISTEN
localhost,tcp,192.168.96.63,8087,LISTEN
localhost,tcp,192.168.96.68,20022,LISTEN
localhost,tcp,192.168.96.68,22,LISTEN
localhost,tcp,192.168.96.88,53,LISTEN
localhost,tcp,192.168.96.90,40009,LISTEN
localhost,tcp,192.168.96.90,40010,LISTEN
localhost,tcp,2a01,8f0,LISTEN
localhost,tcp6,2a01,8f0,LISTEN
localhost,tcp6,2a01,8f1,LISTEN
localhost,tcp6,fe80,,LISTEN
localhost,tcp6,,,LISTEN
localhost,tcp,,,LISTEN
ts4billdb02tacsc001,tcp,10.217.86.41,1127,LISTEN
ts4billdb02tacsc001,tcp,10.217.86.41,14311,LISTEN
ts4billdb02tacsc001,tcp,10.217.86.41,14314,LISTEN
ts4billdb02tacsc001,tcp,10.217.86.41,14316,LISTEN
ts4billdb02tacsc001,tcp,10.217.86.41,14317,LISTEN
ts4billdb02tacsc001,tcp,10.217.86.41,18443,LISTEN
ts4billdb02tacsc001,tcp,10.217.86.41,1858,LISTEN
ts4billdb02tacsc001,tcp,10.217.86.41,1859,LISTEN
ts4billdb02tacsc001,tcp,10.217.86.41,1888,LISTEN
ts4billdb02tacsc001,tcp,10.217.86.41,1889,LISTEN
ts4billdb02tacsc001,tcp,10.217.86.41,20022,LISTEN
ts4billdb02tacsc001,tcp,10.217.86.41,22,LISTEN
ts4billdb02tacsc001,tcp,10.217.86.41,38080,LISTEN
ts4billdb02tacsc001,tcp,10.217.86.41,38443,LISTEN
ts4billdb02tacsc001,tcp,10.217.86.41,65002,LISTEN
ts4billdb02tacsc001,tcp,10.217.86.41,65202,LISTEN
ts4billdb02tacsc001,tcp,10.217.86.43,20022,LISTEN
ts4billdb02tacsc001,tcp,10.217.86.43,22,LISTEN
ts4billdb02tacsc001,tcp,192.168.148.28,1888,LISTEN
ts4billdb02tacsc001,tcp,192.168.148.28,1889,LISTEN
ts4billdb02tacsc001,tcp,192.168.148.28,20022,LISTEN
ts4billdb02tacsc001,tcp,192.168.148.28,22,LISTEN
ts4billdb02tacsc001,tcp,192.168.148.30,20022,LISTEN
ts4billdb02tacsc001,tcp,192.168.148.30,22,LISTEN
ts4billdb02tacsc001,tcp,192.168.96.101,11116,LISTEN
ts4billdb02tacsc001,tcp,192.168.96.41,1858,LISTEN
ts4billdb02tacsc001,tcp,192.168.96.41,1859,LISTEN
ts4billdb02tacsc001,tcp,192.168.96.41,1863,LISTEN
ts4billdb02tacsc001,tcp,192.168.96.41,1868,LISTEN
ts4billdb02tacsc001,tcp,192.168.96.41,1869,LISTEN
ts4billdb02tacsc001,tcp,192.168.96.41,1870,LISTEN
ts4billdb02tacsc001,tcp,192.168.96.41,1871,LISTEN
ts4billdb02tacsc001,tcp,192.168.96.41,1888,LISTEN
ts4billdb02tacsc001,tcp,192.168.96.41,1889,LISTEN
ts4billdb02tacsc001,tcp,192.168.96.41,20022,LISTEN
ts4billdb02tacsc001,tcp,192.168.96.41,22,LISTEN
ts4billdb02tacsc001,tcp,192.168.96.41,5679,LISTEN
ts4billdb02tacsc001,tcp,192.168.96.43,11112,LISTEN
ts4billdb02tacsc001,tcp,192.168.96.43,11115,LISTEN
ts4billdb02tacsc001,tcp,192.168.96.43,11116,LISTEN
ts4billdb02tacsc001,tcp,192.168.96.43,11118,LISTEN
ts4billdb02tacsc001,tcp,192.168.96.43,1684,LISTEN
ts4billdb02tacsc001,tcp,192.168.96.43,1685,LISTEN
ts4billdb02tacsc001,tcp,192.168.96.43,1686,LISTEN
ts4billdb02tacsc001,tcp,192.168.96.43,1687,LISTEN
ts4billdb02tacsc001,tcp,192.168.96.43,20022,LISTEN
ts4billdb02tacsc001,tcp,192.168.96.43,22,LISTEN
ts4billdb02tacsc001,tcp,192.168.96.43,5679,LISTEN
ts4billdb02tacsc001,tcp,,,LISTEN
ts4billdb02tacsc002,tcp,10.217.86.100,1888,LISTEN
ts4billdb02tacsc002,tcp,10.217.86.42,14311,LISTEN
ts4billdb02tacsc002,tcp,10.217.86.42,14314,LISTEN
ts4billdb02tacsc002,tcp,10.217.86.42,14316,LISTEN
ts4billdb02tacsc002,tcp,10.217.86.42,14317,LISTEN
ts4billdb02tacsc002,tcp,10.217.86.42,1858,LISTEN
ts4billdb02tacsc002,tcp,10.217.86.42,1859,LISTEN
ts4billdb02tacsc002,tcp,10.217.86.42,1888,LISTEN
ts4billdb02tacsc002,tcp,10.217.86.42,1889,LISTEN
ts4billdb02tacsc002,tcp,10.217.86.42,20022,LISTEN
ts4billdb02tacsc002,tcp,10.217.86.42,22,LISTEN
ts4billdb02tacsc002,tcp,10.217.86.42,38080,LISTEN
ts4billdb02tacsc002,tcp,10.217.86.42,38443,LISTEN
ts4billdb02tacsc002,tcp,10.217.86.42,65002,LISTEN
ts4billdb02tacsc002,tcp,10.217.86.42,65202,LISTEN
ts4billdb02tacsc002,tcp,192.168.148.29,1888,LISTEN
ts4billdb02tacsc002,tcp,192.168.148.29,1889,LISTEN
ts4billdb02tacsc002,tcp,192.168.148.29,20022,LISTEN
ts4billdb02tacsc002,tcp,192.168.148.29,22,LISTEN
ts4billdb02tacsc002,tcp,192.168.96.101,1888,LISTEN
ts4billdb02tacsc002,tcp,192.168.96.42,1858,LISTEN
ts4billdb02tacsc002,tcp,192.168.96.42,1859,LISTEN
ts4billdb02tacsc002,tcp,192.168.96.42,1863,LISTEN
ts4billdb02tacsc002,tcp,192.168.96.42,1868,LISTEN
ts4billdb02tacsc002,tcp,192.168.96.42,1869,LISTEN
ts4billdb02tacsc002,tcp,192.168.96.42,1888,LISTEN
ts4billdb02tacsc002,tcp,192.168.96.42,1889,LISTEN
ts4billdb02tacsc002,tcp,192.168.96.42,20022,LISTEN
ts4billdb02tacsc002,tcp,192.168.96.42,22,LISTEN
ts4billdb02tacsc002,tcp,192.168.96.42,5679,LISTEN
ts4billdb02tacsc002,tcp,,,LISTEN
ts4bmpdb02tacsc001,tcp,0.0.0.0,111,LISTEN
ts4bmpdb02tacsc001,tcp,0.0.0.0,2049,LISTEN
ts4bmpdb02tacsc001,tcp,0.0.0.0,6915,LISTEN
ts4bmpdb02tacsc001,tcp,0.0.0.0,6916,LISTEN
ts4bmpdb02tacsc001,tcp,0.0.0.0,815,LISTEN
ts4bmpdb02tacsc001,tcp,10.217.86.32,14311,LISTEN
ts4bmpdb02tacsc001,tcp,10.217.86.32,14314,LISTEN
ts4bmpdb02tacsc001,tcp,10.217.86.32,14316,LISTEN
ts4bmpdb02tacsc001,tcp,10.217.86.32,14317,LISTEN
ts4bmpdb02tacsc001,tcp,10.217.86.32,1858,LISTEN
ts4bmpdb02tacsc001,tcp,10.217.86.32,1859,LISTEN
ts4bmpdb02tacsc001,tcp,10.217.86.32,1888,LISTEN
ts4bmpdb02tacsc001,tcp,10.217.86.32,1889,LISTEN
ts4bmpdb02tacsc001,tcp,10.217.86.32,20022,LISTEN
ts4bmpdb02tacsc001,tcp,10.217.86.32,22,LISTEN
ts4bmpdb02tacsc001,tcp,10.217.86.32,38080,LISTEN
ts4bmpdb02tacsc001,tcp,10.217.86.32,38443,LISTEN
ts4bmpdb02tacsc001,tcp,10.217.86.32,65002,LISTEN
ts4bmpdb02tacsc001,tcp,10.217.86.32,65202,LISTEN
ts4bmpdb02tacsc001,tcp,10.217.86.34,20022,LISTEN
ts4bmpdb02tacsc001,tcp,10.217.86.34,22,LISTEN
ts4bmpdb02tacsc001,tcp,10.217.86.97,1888,LISTEN
ts4bmpdb02tacsc001,tcp,10.217.86.97,1889,LISTEN
ts4bmpdb02tacsc001,tcp,192.168.148.19,1888,LISTEN
ts4bmpdb02tacsc001,tcp,192.168.148.19,1889,LISTEN
ts4bmpdb02tacsc001,tcp,192.168.148.19,20022,LISTEN
ts4bmpdb02tacsc001,tcp,192.168.148.19,22,LISTEN
ts4bmpdb02tacsc001,tcp,192.168.148.21,20022,LISTEN
ts4bmpdb02tacsc001,tcp,192.168.148.21,22,LISTEN
ts4bmpdb02tacsc001,tcp,192.168.96.32,1858,LISTEN
ts4bmpdb02tacsc001,tcp,192.168.96.32,1859,LISTEN
ts4bmpdb02tacsc001,tcp,192.168.96.32,1863,LISTEN
ts4bmpdb02tacsc001,tcp,192.168.96.32,1868,LISTEN
ts4bmpdb02tacsc001,tcp,192.168.96.32,1869,LISTEN
ts4bmpdb02tacsc001,tcp,192.168.96.32,1870,LISTEN
ts4bmpdb02tacsc001,tcp,192.168.96.32,1871,LISTEN
ts4bmpdb02tacsc001,tcp,192.168.96.32,1888,LISTEN
ts4bmpdb02tacsc001,tcp,192.168.96.32,1889,LISTEN
ts4bmpdb02tacsc001,tcp,192.168.96.32,20022,LISTEN
ts4bmpdb02tacsc001,tcp,192.168.96.32,22,LISTEN
ts4bmpdb02tacsc001,tcp,192.168.96.32,5679,LISTEN
ts4bmpdb02tacsc001,tcp,192.168.96.34,11112,LISTEN
ts4bmpdb02tacsc001,tcp,192.168.96.34,11115,LISTEN
ts4bmpdb02tacsc001,tcp,192.168.96.34,11116,LISTEN
ts4bmpdb02tacsc001,tcp,192.168.96.34,11118,LISTEN
ts4bmpdb02tacsc001,tcp,192.168.96.34,1684,LISTEN
ts4bmpdb02tacsc001,tcp,192.168.96.34,1685,LISTEN
ts4bmpdb02tacsc001,tcp,192.168.96.34,1686,LISTEN
ts4bmpdb02tacsc001,tcp,192.168.96.34,1687,LISTEN
ts4bmpdb02tacsc001,tcp,192.168.96.34,20022,LISTEN
ts4bmpdb02tacsc001,tcp,192.168.96.34,22,LISTEN
ts4bmpdb02tacsc001,tcp,192.168.96.34,5679,LISTEN
ts4bmpdb02tacsc001,tcp,192.168.96.96,20022,LISTEN
ts4bmpdb02tacsc001,tcp,192.168.96.96,22,LISTEN
ts4bmpdb02tacsc001,tcp,192.168.96.97,11116,LISTEN
ts4bmpdb02tacsc001,tcp,192.168.96.97,1888,LISTEN
ts4bmpdb02tacsc001,tcp,192.168.96.97,1889,LISTEN
ts4bmpdb02tacsc001,tcp,,,LISTEN
ts4bmpdb02tacsc002,tcp,0.0.0.0,111,LISTEN
ts4bmpdb02tacsc002,tcp,0.0.0.0,2049,LISTEN
ts4bmpdb02tacsc002,tcp,0.0.0.0,6915,LISTEN
ts4bmpdb02tacsc002,tcp,0.0.0.0,6916,LISTEN
ts4bmpdb02tacsc002,tcp,0.0.0.0,815,LISTEN
ts4bmpdb02tacsc002,tcp,10.217.86.33,14311,LISTEN
ts4bmpdb02tacsc002,tcp,10.217.86.33,14314,LISTEN
ts4bmpdb02tacsc002,tcp,10.217.86.33,14316,LISTEN
ts4bmpdb02tacsc002,tcp,10.217.86.33,14317,LISTEN
ts4bmpdb02tacsc002,tcp,10.217.86.33,1858,LISTEN
ts4bmpdb02tacsc002,tcp,10.217.86.33,1859,LISTEN
ts4bmpdb02tacsc002,tcp,10.217.86.33,1888,LISTEN
ts4bmpdb02tacsc002,tcp,10.217.86.33,1889,LISTEN
ts4bmpdb02tacsc002,tcp,10.217.86.33,20022,LISTEN
ts4bmpdb02tacsc002,tcp,10.217.86.33,22,LISTEN
ts4bmpdb02tacsc002,tcp,10.217.86.33,38080,LISTEN
ts4bmpdb02tacsc002,tcp,10.217.86.33,38443,LISTEN
ts4bmpdb02tacsc002,tcp,10.217.86.33,65002,LISTEN
ts4bmpdb02tacsc002,tcp,10.217.86.33,65202,LISTEN
ts4bmpdb02tacsc002,tcp,192.168.148.20,1888,LISTEN
ts4bmpdb02tacsc002,tcp,192.168.148.20,1889,LISTEN
ts4bmpdb02tacsc002,tcp,192.168.148.20,20022,LISTEN
ts4bmpdb02tacsc002,tcp,192.168.148.20,22,LISTEN
ts4bmpdb02tacsc002,tcp,192.168.96.33,1858,LISTEN
ts4bmpdb02tacsc002,tcp,192.168.96.33,1859,LISTEN
ts4bmpdb02tacsc002,tcp,192.168.96.33,1863,LISTEN
ts4bmpdb02tacsc002,tcp,192.168.96.33,1868,LISTEN
ts4bmpdb02tacsc002,tcp,192.168.96.33,1869,LISTEN
ts4bmpdb02tacsc002,tcp,192.168.96.33,1888,LISTEN
ts4bmpdb02tacsc002,tcp,192.168.96.33,1889,LISTEN
ts4bmpdb02tacsc002,tcp,192.168.96.33,20022,LISTEN
ts4bmpdb02tacsc002,tcp,192.168.96.33,22,LISTEN
ts4bmpdb02tacsc002,tcp,192.168.96.33,5679,LISTEN
ts4bmpdb02tacsc002,tcp,,,LISTEN
ts4dfdbserver02tacsc001,tcp,0.0.0.0,22,LISTEN
ts4dfdbserver02tacsc001,tcp,0.0.0.0,464,LISTEN
ts4dfdbserver02tacsc001,tcp,0.0.0.0,749,LISTEN
ts4dfdbserver02tacsc001,tcp,10.217.86.91,1858,LISTEN
ts4dfdbserver02tacsc001,tcp,10.217.86.91,1859,LISTEN
ts4dfdbserver02tacsc001,tcp,10.217.86.91,1863,LISTEN
ts4dfdbserver02tacsc001,tcp,10.217.86.91,1868,LISTEN
ts4dfdbserver02tacsc001,tcp,10.217.86.91,1869,LISTEN
ts4dfdbserver02tacsc001,tcp,10.217.86.91,1870,LISTEN
ts4dfdbserver02tacsc001,tcp,10.217.86.91,1871,LISTEN
ts4dfdbserver02tacsc001,tcp,10.217.86.91,1888,LISTEN
ts4dfdbserver02tacsc001,tcp,10.217.86.91,1889,LISTEN
ts4dfdbserver02tacsc001,tcp,10.217.86.91,20022,LISTEN
ts4dfdbserver02tacsc001,tcp,10.217.86.91,28043,LISTEN
ts4dfdbserver02tacsc001,tcp,10.217.86.91,28090,LISTEN
ts4dfdbserver02tacsc001,tcp,10.217.86.91,65002,LISTEN
ts4dfdbserver02tacsc001,tcp,10.217.86.91,8090,LISTEN
ts4dfdbserver02tacsc001,tcp,10.217.86.91,8445,LISTEN
ts4dfdbserver02tacsc001,tcp,10.217.86.93,6011,LISTEN
ts4dfdbserver02tacsc001,tcp,10.217.86.93,6012,LISTEN
ts4dfdbserver02tacsc001,tcp,10.217.86.93,6013,LISTEN
ts4dfdbserver02tacsc001,tcp,10.217.86.99,1888,LISTEN
ts4dfdbserver02tacsc001,tcp,10.217.86.99,1889,LISTEN
ts4dfdbserver02tacsc001,tcp,,,LISTEN
ts4hadoopcontrolnode01tacsc001.,tcp,0.0.0.0,22,LISTEN
ts4hadoopcontrolnode01tacsc001.,tcp,10.217.86.56,20010,LISTEN
ts4hadoopcontrolnode01tacsc001.,tcp,10.217.86.56,20011,LISTEN
ts4hadoopcontrolnode01tacsc001.,tcp,10.217.86.56,20012,LISTEN
ts4hadoopcontrolnode01tacsc001.,tcp,10.217.86.56,20016,LISTEN
ts4hadoopcontrolnode01tacsc001.,tcp,10.217.86.56,20022,LISTEN
ts4hadoopcontrolnode01tacsc001.,tcp,10.217.86.56,20024,LISTEN
ts4hadoopcontrolnode01tacsc001.,tcp,10.217.86.56,21700,LISTEN
ts4hadoopcontrolnode01tacsc001.,tcp,10.217.86.56,21702,LISTEN
ts4hadoopcontrolnode01tacsc001.,tcp,10.217.86.56,65002,LISTEN
ts4hadoopcontrolnode01tacsc001.,tcp,10.217.86.59,20009,LISTEN
ts4hadoopcontrolnode01tacsc001.,tcp,10.217.86.59,20014,LISTEN
ts4hadoopcontrolnode01tacsc001.,tcp,10.217.86.59,20018,LISTEN
ts4hadoopcontrolnode01tacsc001.,tcp,10.217.86.59,20025,LISTEN
ts4hadoopcontrolnode01tacsc001.,tcp,10.217.86.59,20026,LISTEN
ts4hadoopcontrolnode01tacsc001.,tcp,10.217.86.59,20027,LISTEN
ts4hadoopcontrolnode01tacsc001.,tcp,10.217.86.59,20044,LISTEN
ts4hadoopcontrolnode01tacsc001.,tcp,10.217.86.59,21405,LISTEN
ts4hadoopcontrolnode01tacsc001.,tcp,10.217.86.59,21750,LISTEN
ts4hadoopcontrolnode01tacsc001.,tcp,10.217.86.59,28443,LISTEN
ts4hadoopcontrolnode01tacsc001.,tcp,192.168.96.56,20029,LISTEN
ts4hadoopcontrolnode01tacsc001.,tcp,192.168.96.56,20050,LISTEN
ts4hadoopcontrolnode01tacsc001.,tcp,192.168.96.56,20052,LISTEN
ts4hadoopcontrolnode01tacsc001.,tcp,192.168.96.56,20053,LISTEN
ts4hadoopcontrolnode01tacsc001.,tcp,192.168.96.56,21055,LISTEN
ts4hadoopcontrolnode01tacsc001.,tcp,192.168.96.56,21066,LISTEN
ts4hadoopcontrolnode01tacsc001.,tcp,192.168.96.56,21088,LISTEN
ts4hadoopcontrolnode01tacsc001.,tcp,192.168.96.56,21093,LISTEN
ts4hadoopcontrolnode01tacsc001.,tcp,192.168.96.56,21304,LISTEN
ts4hadoopcontrolnode01tacsc001.,tcp,192.168.96.56,21305,LISTEN
ts4hadoopcontrolnode01tacsc001.,tcp,192.168.96.56,21308,LISTEN
ts4hadoopcontrolnode01tacsc001.,tcp,192.168.96.56,21309,LISTEN
ts4hadoopcontrolnode01tacsc001.,tcp,192.168.96.56,21401,LISTEN
ts4hadoopcontrolnode01tacsc001.,tcp,192.168.96.56,21730,LISTEN
ts4hadoopcontrolnode01tacsc001.,tcp,192.168.96.56,21731,LISTEN
ts4hadoopcontrolnode01tacsc001.,tcp,192.168.96.56,21780,LISTEN
ts4hadoopcontrolnode01tacsc001.,tcp,192.168.96.56,24001,LISTEN
ts4hadoopcontrolnode01tacsc001.,tcp,192.168.96.56,24002,LISTEN
ts4hadoopcontrolnode01tacsc001.,tcp,192.168.96.56,25012,LISTEN
ts4hadoopcontrolnode01tacsc001.,tcp,192.168.96.56,25014,LISTEN
ts4hadoopcontrolnode01tacsc001.,tcp,192.168.96.56,25018,LISTEN
ts4hadoopcontrolnode01tacsc001.,tcp,192.168.96.56,25019,LISTEN
ts4hadoopcontrolnode01tacsc001.,tcp,192.168.96.56,25020,LISTEN
ts4hadoopcontrolnode01tacsc001.,tcp,192.168.96.56,25022,LISTEN
ts4hadoopcontrolnode01tacsc001.,tcp,192.168.96.59,20051,LISTEN
ts4hadoopcontrolnode01tacsc001.,tcp,,,LISTEN
ts4hadoopcontrolnode01tacsc002.,tcp,0.0.0.0,22,LISTEN
ts4hadoopcontrolnode01tacsc002.,tcp,10.217.86.57,20010,LISTEN
ts4hadoopcontrolnode01tacsc002.,tcp,10.217.86.57,20016,LISTEN
ts4hadoopcontrolnode01tacsc002.,tcp,10.217.86.57,20022,LISTEN
ts4hadoopcontrolnode01tacsc002.,tcp,10.217.86.57,20024,LISTEN
ts4hadoopcontrolnode01tacsc002.,tcp,10.217.86.57,21700,LISTEN
ts4hadoopcontrolnode01tacsc002.,tcp,10.217.86.57,21702,LISTEN
ts4hadoopcontrolnode01tacsc002.,tcp,10.217.86.57,21750,LISTEN
ts4hadoopcontrolnode01tacsc002.,tcp,10.217.86.57,65002,LISTEN
ts4hadoopcontrolnode01tacsc002.,tcp,192.168.96.57,21055,LISTEN
ts4hadoopcontrolnode01tacsc002.,tcp,192.168.96.57,21066,LISTEN
ts4hadoopcontrolnode01tacsc002.,tcp,192.168.96.57,21088,LISTEN
ts4hadoopcontrolnode01tacsc002.,tcp,192.168.96.57,21093,LISTEN
ts4hadoopcontrolnode01tacsc002.,tcp,192.168.96.57,21300,LISTEN
ts4hadoopcontrolnode01tacsc002.,tcp,192.168.96.57,21301,LISTEN
ts4hadoopcontrolnode01tacsc002.,tcp,192.168.96.57,21304,LISTEN
ts4hadoopcontrolnode01tacsc002.,tcp,192.168.96.57,21305,LISTEN
ts4hadoopcontrolnode01tacsc002.,tcp,192.168.96.57,21308,LISTEN
ts4hadoopcontrolnode01tacsc002.,tcp,192.168.96.57,21309,LISTEN
ts4hadoopcontrolnode01tacsc002.,tcp,192.168.96.57,21401,LISTEN
ts4hadoopcontrolnode01tacsc002.,tcp,192.168.96.57,21730,LISTEN
ts4hadoopcontrolnode01tacsc002.,tcp,192.168.96.57,21731,LISTEN
ts4hadoopcontrolnode01tacsc002.,tcp,192.168.96.57,21780,LISTEN
ts4hadoopcontrolnode01tacsc002.,tcp,192.168.96.57,24001,LISTEN
ts4hadoopcontrolnode01tacsc002.,tcp,192.168.96.57,24002,LISTEN
ts4hadoopcontrolnode01tacsc002.,tcp,192.168.96.57,25000,LISTEN
ts4hadoopcontrolnode01tacsc002.,tcp,192.168.96.57,25003,LISTEN
ts4hadoopcontrolnode01tacsc002.,tcp,192.168.96.57,25005,LISTEN
ts4hadoopcontrolnode01tacsc002.,tcp,192.168.96.57,25006,LISTEN
ts4hadoopcontrolnode01tacsc002.,tcp,192.168.96.57,25012,LISTEN
ts4hadoopcontrolnode01tacsc002.,tcp,192.168.96.57,25014,LISTEN
ts4hadoopcontrolnode01tacsc002.,tcp,192.168.96.57,25015,LISTEN
ts4hadoopcontrolnode01tacsc002.,tcp,192.168.96.57,25018,LISTEN
ts4hadoopcontrolnode01tacsc002.,tcp,192.168.96.57,25019,LISTEN
ts4hadoopcontrolnode01tacsc002.,tcp,192.168.96.57,25020,LISTEN
ts4hadoopcontrolnode01tacsc002.,tcp,192.168.96.57,25022,LISTEN
ts4hadoopcontrolnode01tacsc002.,tcp,192.168.96.57,26001,LISTEN
ts4hadoopcontrolnode01tacsc002.,tcp,192.168.96.57,26005,LISTEN
ts4hadoopcontrolnode01tacsc002.,tcp,192.168.96.60,26013,LISTEN
ts4hadoopcontrolnode01tacsc002.,tcp,192.168.96.60,26014,LISTEN
ts4hadoopcontrolnode01tacsc002.,tcp,192.168.96.60,26015,LISTEN
ts4hadoopcontrolnode01tacsc002.,tcp,,,LISTEN
ts4hadoopcontrolnode01tacsc003.,tcp,0.0.0.0,22,LISTEN
ts4hadoopcontrolnode01tacsc003.,tcp,10.217.86.58,20016,LISTEN
ts4hadoopcontrolnode01tacsc003.,tcp,10.217.86.58,20022,LISTEN
ts4hadoopcontrolnode01tacsc003.,tcp,10.217.86.58,20024,LISTEN
ts4hadoopcontrolnode01tacsc003.,tcp,10.217.86.58,65002,LISTEN
ts4hadoopcontrolnode01tacsc003.,tcp,192.168.96.58,20050,LISTEN
ts4hadoopcontrolnode01tacsc003.,tcp,192.168.96.58,21055,LISTEN
ts4hadoopcontrolnode01tacsc003.,tcp,192.168.96.58,21066,LISTEN
ts4hadoopcontrolnode01tacsc003.,tcp,192.168.96.58,21088,LISTEN
ts4hadoopcontrolnode01tacsc003.,tcp,192.168.96.58,21093,LISTEN
ts4hadoopcontrolnode01tacsc003.,tcp,192.168.96.58,21300,LISTEN
ts4hadoopcontrolnode01tacsc003.,tcp,192.168.96.58,21301,LISTEN
ts4hadoopcontrolnode01tacsc003.,tcp,192.168.96.58,21304,LISTEN
ts4hadoopcontrolnode01tacsc003.,tcp,192.168.96.58,21305,LISTEN
ts4hadoopcontrolnode01tacsc003.,tcp,192.168.96.58,21308,LISTEN
ts4hadoopcontrolnode01tacsc003.,tcp,192.168.96.58,21309,LISTEN
ts4hadoopcontrolnode01tacsc003.,tcp,192.168.96.58,24000,LISTEN
ts4hadoopcontrolnode01tacsc003.,tcp,192.168.96.58,24001,LISTEN
ts4hadoopcontrolnode01tacsc003.,tcp,192.168.96.58,24002,LISTEN
ts4hadoopcontrolnode01tacsc003.,tcp,192.168.96.58,25000,LISTEN
ts4hadoopcontrolnode01tacsc003.,tcp,192.168.96.58,25003,LISTEN
ts4hadoopcontrolnode01tacsc003.,tcp,192.168.96.58,25005,LISTEN
ts4hadoopcontrolnode01tacsc003.,tcp,192.168.96.58,25006,LISTEN
ts4hadoopcontrolnode01tacsc003.,tcp,192.168.96.58,25012,LISTEN
ts4hadoopcontrolnode01tacsc003.,tcp,192.168.96.58,25014,LISTEN
ts4hadoopcontrolnode01tacsc003.,tcp,192.168.96.58,25015,LISTEN
ts4hadoopcontrolnode01tacsc003.,tcp,192.168.96.58,25018,LISTEN
ts4hadoopcontrolnode01tacsc003.,tcp,192.168.96.58,25019,LISTEN
ts4hadoopcontrolnode01tacsc003.,tcp,192.168.96.58,25020,LISTEN
ts4hadoopcontrolnode01tacsc003.,tcp,192.168.96.58,25022,LISTEN
ts4hadoopcontrolnode01tacsc003.,tcp,192.168.96.58,26001,LISTEN
ts4hadoopcontrolnode01tacsc003.,tcp,192.168.96.58,26002,LISTEN
ts4hadoopcontrolnode01tacsc003.,tcp,192.168.96.58,26003,LISTEN
ts4hadoopcontrolnode01tacsc003.,tcp,192.168.96.58,26004,LISTEN
ts4hadoopcontrolnode01tacsc003.,tcp,192.168.96.58,26005,LISTEN
ts4hadoopcontrolnode01tacsc003.,tcp,192.168.96.58,26021,LISTEN
ts4hadoopcontrolnode01tacsc003.,tcp,192.168.96.58,26022,LISTEN
ts4hadoopcontrolnode01tacsc003.,tcp,,,LISTEN
ts4hadoopdatanode01tacsc001.,tcp,0.0.0.0,22,LISTEN
ts4hadoopdatanode01tacsc001.,tcp,10.217.86.53,20016,LISTEN
ts4hadoopdatanode01tacsc001.,tcp,10.217.86.53,20022,LISTEN
ts4hadoopdatanode01tacsc001.,tcp,10.217.86.53,20024,LISTEN
ts4hadoopdatanode01tacsc001.,tcp,10.217.86.53,65002,LISTEN
ts4hadoopdatanode01tacsc001.,tcp,192.168.96.53,21302,LISTEN
ts4hadoopdatanode01tacsc001.,tcp,192.168.96.53,21303,LISTEN
ts4hadoopdatanode01tacsc001.,tcp,192.168.96.53,25009,LISTEN
ts4hadoopdatanode01tacsc001.,tcp,192.168.96.53,25011,LISTEN
ts4hadoopdatanode01tacsc001.,tcp,192.168.96.53,26007,LISTEN
ts4hadoopdatanode01tacsc001.,tcp,192.168.96.53,26008,LISTEN
ts4hadoopdatanode01tacsc001.,tcp,192.168.96.53,26009,LISTEN
ts4hadoopdatanode01tacsc001.,tcp,192.168.96.53,26010,LISTEN
ts4hadoopdatanode01tacsc001.,tcp,192.168.96.53,27337,LISTEN
ts4hadoopdatanode01tacsc001.,tcp,192.168.96.53,27338,LISTEN
ts4hadoopdatanode01tacsc001.,tcp,192.168.96.53,27339,LISTEN
ts4hadoopdatanode01tacsc001.,tcp,,,LISTEN
ts4hadoopdatanode01tacsc002.,tcp,0.0.0.0,22,LISTEN
ts4hadoopdatanode01tacsc002.,tcp,10.217.86.54,20016,LISTEN
ts4hadoopdatanode01tacsc002.,tcp,10.217.86.54,20022,LISTEN
ts4hadoopdatanode01tacsc002.,tcp,10.217.86.54,20024,LISTEN
ts4hadoopdatanode01tacsc002.,tcp,10.217.86.54,65002,LISTEN
ts4hadoopdatanode01tacsc002.,tcp,192.168.96.54,21302,LISTEN
ts4hadoopdatanode01tacsc002.,tcp,192.168.96.54,21303,LISTEN
ts4hadoopdatanode01tacsc002.,tcp,192.168.96.54,25008,LISTEN
ts4hadoopdatanode01tacsc002.,tcp,192.168.96.54,25009,LISTEN
ts4hadoopdatanode01tacsc002.,tcp,192.168.96.54,25011,LISTEN
ts4hadoopdatanode01tacsc002.,tcp,192.168.96.54,26007,LISTEN
ts4hadoopdatanode01tacsc002.,tcp,192.168.96.54,26008,LISTEN
ts4hadoopdatanode01tacsc002.,tcp,192.168.96.54,26009,LISTEN
ts4hadoopdatanode01tacsc002.,tcp,192.168.96.54,26010,LISTEN
ts4hadoopdatanode01tacsc002.,tcp,192.168.96.54,27337,LISTEN
ts4hadoopdatanode01tacsc002.,tcp,192.168.96.54,27338,LISTEN
ts4hadoopdatanode01tacsc002.,tcp,192.168.96.54,27339,LISTEN
ts4hadoopdatanode01tacsc002.,tcp,,,LISTEN
ts4hadoopdatanode01tacsc003.,tcp,0.0.0.0,22,LISTEN
ts4hadoopdatanode01tacsc003.,tcp,10.217.86.55,20016,LISTEN
ts4hadoopdatanode01tacsc003.,tcp,10.217.86.55,20022,LISTEN
ts4hadoopdatanode01tacsc003.,tcp,10.217.86.55,20024,LISTEN
ts4hadoopdatanode01tacsc003.,tcp,10.217.86.55,65002,LISTEN
ts4hadoopdatanode01tacsc003.,tcp,192.168.96.55,21302,LISTEN
ts4hadoopdatanode01tacsc003.,tcp,192.168.96.55,25008,LISTEN
ts4hadoopdatanode01tacsc003.,tcp,192.168.96.55,25009,LISTEN
ts4hadoopdatanode01tacsc003.,tcp,192.168.96.55,25011,LISTEN
ts4hadoopdatanode01tacsc003.,tcp,192.168.96.55,26007,LISTEN
ts4hadoopdatanode01tacsc003.,tcp,192.168.96.55,26008,LISTEN
ts4hadoopdatanode01tacsc003.,tcp,192.168.96.55,26009,LISTEN
ts4hadoopdatanode01tacsc003.,tcp,192.168.96.55,26010,LISTEN
ts4hadoopdatanode01tacsc003.,tcp,192.168.96.55,27337,LISTEN
ts4hadoopdatanode01tacsc003.,tcp,192.168.96.55,27338,LISTEN
ts4hadoopdatanode01tacsc003.,tcp,192.168.96.55,27339,LISTEN
ts4hadoopdatanode01tacsc003.,tcp,,,LISTEN
ts4jumphost01tacsc001,tcp,0.0.0.0,22,LISTEN
ts4jumphost01tacsc001,tcp,0.0.0.0,5901,LISTEN
ts4jumphost01tacsc001,tcp,10.217.86.47,1127,LISTEN
ts4jumphost01tacsc001,tcp,10.217.86.47,18443,LISTEN
ts4jumphost01tacsc001,tcp,,,LISTEN
ts4jumphost01tacsc002,tcp,0.0.0.0,18335,LISTEN
ts4jumphost01tacsc002,tcp,0.0.0.0,18340,LISTEN
ts4jumphost01tacsc002,tcp,0.0.0.0,18341,LISTEN
ts4jumphost01tacsc002,tcp,0.0.0.0,18435,LISTEN
ts4jumphost01tacsc002,tcp,0.0.0.0,22,LISTEN
ts4jumphost01tacsc002,tcp,0.0.0.0,2442,LISTEN
ts4jumphost01tacsc002,tcp,0.0.0.0,2443,LISTEN
ts4jumphost01tacsc002,tcp,0.0.0.0,28080,LISTEN
ts4jumphost01tacsc002,tcp,0.0.0.0,28081,LISTEN
ts4jumphost01tacsc002,tcp,0.0.0.0,28082,LISTEN
ts4jumphost01tacsc002,tcp,0.0.0.0,28180,LISTEN
ts4jumphost01tacsc002,tcp,0.0.0.0,28181,LISTEN
ts4jumphost01tacsc002,tcp,0.0.0.0,28182,LISTEN
ts4jumphost01tacsc002,tcp,0.0.0.0,28282,LISTEN
ts4jumphost01tacsc002,tcp,0.0.0.0,38080,LISTEN
ts4jumphost01tacsc002,tcp,0.0.0.0,38443,LISTEN
ts4jumphost01tacsc002,tcp,0.0.0.0,4001,LISTEN
ts4jumphost01tacsc002,tcp,0.0.0.0,8080,LISTEN
ts4jumphost01tacsc002,tcp,0.0.0.0,8282,LISTEN
ts4jumphost01tacsc002,tcp,0.0.0.0,8335,LISTEN
ts4jumphost01tacsc002,tcp,0.0.0.0,8336,LISTEN
ts4jumphost01tacsc002,tcp,0.0.0.0,8337,LISTEN
ts4jumphost01tacsc002,tcp,0.0.0.0,8340,LISTEN
ts4jumphost01tacsc002,tcp,0.0.0.0,8341,LISTEN
ts4jumphost01tacsc002,tcp,0.0.0.0,8342,LISTEN
ts4jumphost01tacsc002,tcp,0.0.0.0,8343,LISTEN
ts4jumphost01tacsc002,tcp,0.0.0.0,8435,LISTEN
ts4jumphost01tacsc002,tcp,0.0.0.0,8442,LISTEN
ts4jumphost01tacsc002,tcp,0.0.0.0,8542,LISTEN
ts4jumphost01tacsc002,tcp,0.0.0.0,9080,LISTEN
ts4jumphost01tacsc002,tcp,0.0.0.0,9081,LISTEN
ts4jumphost01tacsc002,tcp,0.0.0.0,9082,LISTEN
ts4jumphost01tacsc002,tcp,0.0.0.0,9090,LISTEN
ts4jumphost01tacsc002,tcp,0.0.0.0,9180,LISTEN
ts4jumphost01tacsc002,tcp,0.0.0.0,9181,LISTEN
ts4jumphost01tacsc002,tcp,0.0.0.0,9182,LISTEN
ts4jumphost01tacsc002,tcp,10.217.86.48,1127,LISTEN
ts4jumphost01tacsc002,tcp,10.217.86.48,18443,LISTEN
ts4jumphost01tacsc002,tcp,,,LISTEN
ts4meddb02refsc001,tcp,10.217.86.163,14311,LISTEN
ts4meddb02refsc001,tcp,10.217.86.163,14314,LISTEN
ts4meddb02refsc001,tcp,10.217.86.163,14316,LISTEN
ts4meddb02refsc001,tcp,10.217.86.163,14317,LISTEN
ts4meddb02refsc001,tcp,10.217.86.163,1888,LISTEN
ts4meddb02refsc001,tcp,10.217.86.163,1889,LISTEN
ts4meddb02refsc001,tcp,10.217.86.163,20022,LISTEN
ts4meddb02refsc001,tcp,10.217.86.163,22,LISTEN
ts4meddb02refsc001,tcp,10.217.86.163,65002,LISTEN
ts4meddb02refsc001,tcp,10.217.86.163,65202,LISTEN
ts4meddb02refsc001,tcp,10.217.86.163,7100,LISTEN
ts4meddb02refsc001,tcp,10.217.86.231,1888,LISTEN
ts4meddb02refsc001,tcp,10.217.86.231,1889,LISTEN
ts4meddb02refsc001,tcp,192.168.148.230,1888,LISTEN
ts4meddb02refsc001,tcp,192.168.148.230,1889,LISTEN
ts4meddb02refsc001,tcp,192.168.148.230,20022,LISTEN
ts4meddb02refsc001,tcp,192.168.148.230,22,LISTEN
ts4meddb02refsc001,tcp,192.168.97.108,11112,LISTEN
ts4meddb02refsc001,tcp,192.168.97.108,1888,LISTEN
ts4meddb02refsc001,tcp,192.168.97.108,1889,LISTEN
ts4meddb02refsc001,tcp,192.168.97.46,1858,LISTEN
ts4meddb02refsc001,tcp,192.168.97.46,1863,LISTEN
ts4meddb02refsc001,tcp,192.168.97.46,1868,LISTEN
ts4meddb02refsc001,tcp,192.168.97.46,1870,LISTEN
ts4meddb02refsc001,tcp,192.168.97.46,1871,LISTEN
ts4meddb02refsc001,tcp,192.168.97.46,1888,LISTEN
ts4meddb02refsc001,tcp,192.168.97.46,1889,LISTEN
ts4meddb02refsc001,tcp,192.168.97.46,20022,LISTEN
ts4meddb02refsc001,tcp,192.168.97.46,22,LISTEN
ts4meddb02refsc001,tcp,,,LISTEN
ts4meddb02refsc002,tcp,10.217.86.164,14311,LISTEN
ts4meddb02refsc002,tcp,10.217.86.164,14314,LISTEN
ts4meddb02refsc002,tcp,10.217.86.164,14316,LISTEN
ts4meddb02refsc002,tcp,10.217.86.164,14317,LISTEN
ts4meddb02refsc002,tcp,10.217.86.164,1858,LISTEN
ts4meddb02refsc002,tcp,10.217.86.164,1888,LISTEN
ts4meddb02refsc002,tcp,10.217.86.164,1889,LISTEN
ts4meddb02refsc002,tcp,10.217.86.164,20022,LISTEN
ts4meddb02refsc002,tcp,10.217.86.164,22,LISTEN
ts4meddb02refsc002,tcp,10.217.86.164,65002,LISTEN
ts4meddb02refsc002,tcp,10.217.86.164,65202,LISTEN
ts4meddb02refsc002,tcp,10.217.86.164,7100,LISTEN
ts4meddb02refsc002,tcp,192.168.148.231,1888,LISTEN
ts4meddb02refsc002,tcp,192.168.148.231,1889,LISTEN
ts4meddb02refsc002,tcp,192.168.148.231,20022,LISTEN
ts4meddb02refsc002,tcp,192.168.148.231,22,LISTEN
ts4meddb02refsc002,tcp,192.168.97.47,1858,LISTEN
ts4meddb02refsc002,tcp,192.168.97.47,1868,LISTEN
ts4meddb02refsc002,tcp,192.168.97.47,1869,LISTEN
ts4meddb02refsc002,tcp,192.168.97.47,1888,LISTEN
ts4meddb02refsc002,tcp,192.168.97.47,1889,LISTEN
ts4meddb02refsc002,tcp,192.168.97.47,20022,LISTEN
ts4meddb02refsc002,tcp,192.168.97.47,22,LISTEN
ts4meddb02refsc002,tcp,,,LISTEN
ts4meddb02tacsc001,tcp,10.217.86.103,1888,LISTEN
ts4meddb02tacsc001,tcp,10.217.86.103,1889,LISTEN
ts4meddb02tacsc001,tcp,10.217.86.38,14311,LISTEN
ts4meddb02tacsc001,tcp,10.217.86.38,14314,LISTEN
ts4meddb02tacsc001,tcp,10.217.86.38,14316,LISTEN
ts4meddb02tacsc001,tcp,10.217.86.38,14317,LISTEN
ts4meddb02tacsc001,tcp,10.217.86.38,1858,LISTEN
ts4meddb02tacsc001,tcp,10.217.86.38,1859,LISTEN
ts4meddb02tacsc001,tcp,10.217.86.38,1888,LISTEN
ts4meddb02tacsc001,tcp,10.217.86.38,1889,LISTEN
ts4meddb02tacsc001,tcp,10.217.86.38,20022,LISTEN
ts4meddb02tacsc001,tcp,10.217.86.38,22,LISTEN
ts4meddb02tacsc001,tcp,10.217.86.38,65002,LISTEN
ts4meddb02tacsc001,tcp,10.217.86.38,65202,LISTEN
ts4meddb02tacsc001,tcp,192.168.148.25,1888,LISTEN
ts4meddb02tacsc001,tcp,192.168.148.25,1889,LISTEN
ts4meddb02tacsc001,tcp,192.168.148.25,20022,LISTEN
ts4meddb02tacsc001,tcp,192.168.148.25,22,LISTEN
ts4meddb02tacsc001,tcp,192.168.96.103,1888,LISTEN
ts4meddb02tacsc001,tcp,192.168.96.103,1889,LISTEN
ts4meddb02tacsc001,tcp,192.168.96.38,1858,LISTEN
ts4meddb02tacsc001,tcp,192.168.96.38,1859,LISTEN
ts4meddb02tacsc001,tcp,192.168.96.38,1863,LISTEN
ts4meddb02tacsc001,tcp,192.168.96.38,1868,LISTEN
ts4meddb02tacsc001,tcp,192.168.96.38,1869,LISTEN
ts4meddb02tacsc001,tcp,192.168.96.38,1870,LISTEN
ts4meddb02tacsc001,tcp,192.168.96.38,1871,LISTEN
ts4meddb02tacsc001,tcp,192.168.96.38,1888,LISTEN
ts4meddb02tacsc001,tcp,192.168.96.38,1889,LISTEN
ts4meddb02tacsc001,tcp,192.168.96.38,20022,LISTEN
ts4meddb02tacsc001,tcp,192.168.96.38,22,LISTEN
ts4meddb02tacsc001,tcp,,,LISTEN
ts4meddb02tacsc002,tcp,10.217.86.39,14311,LISTEN
ts4meddb02tacsc002,tcp,10.217.86.39,14314,LISTEN
ts4meddb02tacsc002,tcp,10.217.86.39,14316,LISTEN
ts4meddb02tacsc002,tcp,10.217.86.39,14317,LISTEN
ts4meddb02tacsc002,tcp,10.217.86.39,1858,LISTEN
ts4meddb02tacsc002,tcp,10.217.86.39,1859,LISTEN
ts4meddb02tacsc002,tcp,10.217.86.39,1888,LISTEN
ts4meddb02tacsc002,tcp,10.217.86.39,1889,LISTEN
ts4meddb02tacsc002,tcp,10.217.86.39,20022,LISTEN
ts4meddb02tacsc002,tcp,10.217.86.39,22,LISTEN
ts4meddb02tacsc002,tcp,10.217.86.39,65002,LISTEN
ts4meddb02tacsc002,tcp,10.217.86.39,65202,LISTEN
ts4meddb02tacsc002,tcp,192.168.148.26,1888,LISTEN
ts4meddb02tacsc002,tcp,192.168.148.26,1889,LISTEN
ts4meddb02tacsc002,tcp,192.168.148.26,20022,LISTEN
ts4meddb02tacsc002,tcp,192.168.148.26,22,LISTEN
ts4meddb02tacsc002,tcp,192.168.96.39,1858,LISTEN
ts4meddb02tacsc002,tcp,192.168.96.39,1859,LISTEN
ts4meddb02tacsc002,tcp,192.168.96.39,1863,LISTEN
ts4meddb02tacsc002,tcp,192.168.96.39,1868,LISTEN
ts4meddb02tacsc002,tcp,192.168.96.39,1869,LISTEN
ts4meddb02tacsc002,tcp,192.168.96.39,1888,LISTEN
ts4meddb02tacsc002,tcp,192.168.96.39,1889,LISTEN
ts4meddb02tacsc002,tcp,192.168.96.39,20022,LISTEN
ts4meddb02tacsc002,tcp,192.168.96.39,22,LISTEN
ts4meddb02tacsc002,tcp,,,LISTEN
ts4nfs01tacsc001,tcp,0.0.0.0,111,LISTEN
ts4nfs01tacsc001,tcp,0.0.0.0,2049,LISTEN
ts4nfs01tacsc001,tcp,0.0.0.0,6915,LISTEN
ts4nfs01tacsc001,tcp,0.0.0.0,6916,LISTEN
ts4nfs01tacsc001,tcp,0.0.0.0,815,LISTEN
ts4nfs01tacsc001,tcp,10.216.84.151,22,LISTEN
ts4nfs01tacsc001,tcp,10.217.86.105,14311,LISTEN
ts4nfs01tacsc001,tcp,10.217.86.105,14314,LISTEN
ts4nfs01tacsc001,tcp,10.217.86.105,14316,LISTEN
ts4nfs01tacsc001,tcp,10.217.86.105,14317,LISTEN
ts4nfs01tacsc001,tcp,10.217.86.105,20022,LISTEN
ts4nfs01tacsc001,tcp,10.217.86.105,22,LISTEN
ts4nfs01tacsc001,tcp,10.217.86.105,65002,LISTEN
ts4nfs01tacsc001,tcp,10.217.86.105,65202,LISTEN
ts4nfs01tacsc001,tcp,192.168.96.105,20022,LISTEN
ts4nfs01tacsc001,tcp,192.168.96.105,22,LISTEN
ts4nfs01tacsc001,tcp,2a01,8f0,LISTEN
ts4nfs01tacsc001,tcp,,,LISTEN
ts4see01tacsc1,tcp,10.217.86.5,11112,LISTEN
ts4see01tacsc1,tcp,10.217.86.5,11115,LISTEN
ts4see01tacsc1,tcp,10.217.86.5,11116,LISTEN
ts4see01tacsc1,tcp,10.217.86.5,11118,LISTEN
ts4see01tacsc1,tcp,10.217.86.5,14311,LISTEN
ts4see01tacsc1,tcp,10.217.86.5,14314,LISTEN
ts4see01tacsc1,tcp,10.217.86.5,14316,LISTEN
ts4see01tacsc1,tcp,10.217.86.5,14317,LISTEN
ts4see01tacsc1,tcp,10.217.86.5,20022,LISTEN
ts4see01tacsc1,tcp,10.217.86.5,22,LISTEN
ts4see01tacsc1,tcp,10.217.86.5,65002,LISTEN
ts4see01tacsc1,tcp,10.217.86.5,65202,LISTEN
ts4see01tacsc1,tcp,10.217.86.7,20022,LISTEN
ts4see01tacsc1,tcp,10.217.86.7,22,LISTEN
ts4see01tacsc1,tcp,10.217.86.7,8996,LISTEN
ts4see01tacsc1,tcp,192.168.96.5,13041,LISTEN
ts4see01tacsc1,tcp,192.168.96.5,14387,LISTEN
ts4see01tacsc1,tcp,192.168.96.5,15016,LISTEN
ts4see01tacsc1,tcp,192.168.96.5,15019,LISTEN
ts4see01tacsc1,tcp,192.168.96.5,16675,LISTEN
ts4see01tacsc1,tcp,192.168.96.5,16677,LISTEN
ts4see01tacsc1,tcp,192.168.96.5,16679,LISTEN
ts4see01tacsc1,tcp,192.168.96.5,16900,LISTEN
ts4see01tacsc1,tcp,192.168.96.5,16901,LISTEN
ts4see01tacsc1,tcp,192.168.96.5,20022,LISTEN
ts4see01tacsc1,tcp,192.168.96.5,22,LISTEN
ts4see01tacsc1,tcp,192.168.96.5,38882,LISTEN
ts4see01tacsc1,tcp,192.168.96.5,4020,LISTEN
ts4see01tacsc1,tcp,192.168.96.5,5000,LISTEN
ts4see01tacsc1,tcp,192.168.96.5,5020,LISTEN
ts4see01tacsc1,tcp,192.168.96.5,5643,LISTEN
ts4see01tacsc1,tcp,192.168.96.5,8888,LISTEN
ts4see01tacsc1,tcp,192.168.96.7,16681,LISTEN
ts4see01tacsc1,tcp,192.168.96.7,16773,LISTEN
ts4see01tacsc1,tcp,192.168.96.7,20022,LISTEN
ts4see01tacsc1,tcp,192.168.96.7,22,LISTEN
ts4see01tacsc1,tcp,192.168.96.7,34566,LISTEN
ts4see01tacsc1,tcp,192.168.96.7,8996,LISTEN
ts4see01tacsc1,tcp,,,LISTEN
ts4see01tacsc2,tcp,10.217.86.6,11112,LISTEN
ts4see01tacsc2,tcp,10.217.86.6,11115,LISTEN
ts4see01tacsc2,tcp,10.217.86.6,11116,LISTEN
ts4see01tacsc2,tcp,10.217.86.6,11118,LISTEN
ts4see01tacsc2,tcp,10.217.86.6,14311,LISTEN
ts4see01tacsc2,tcp,10.217.86.6,14314,LISTEN
ts4see01tacsc2,tcp,10.217.86.6,14316,LISTEN
ts4see01tacsc2,tcp,10.217.86.6,14317,LISTEN
ts4see01tacsc2,tcp,10.217.86.6,20022,LISTEN
ts4see01tacsc2,tcp,10.217.86.6,22,LISTEN
ts4see01tacsc2,tcp,10.217.86.6,65002,LISTEN
ts4see01tacsc2,tcp,10.217.86.6,65202,LISTEN
ts4see01tacsc2,tcp,192.168.96.6,13041,LISTEN
ts4see01tacsc2,tcp,192.168.96.6,14387,LISTEN
ts4see01tacsc2,tcp,192.168.96.6,15016,LISTEN
ts4see01tacsc2,tcp,192.168.96.6,15019,LISTEN
ts4see01tacsc2,tcp,192.168.96.6,16675,LISTEN
ts4see01tacsc2,tcp,192.168.96.6,16677,LISTEN
ts4see01tacsc2,tcp,192.168.96.6,16679,LISTEN
ts4see01tacsc2,tcp,192.168.96.6,16900,LISTEN
ts4see01tacsc2,tcp,192.168.96.6,16901,LISTEN
ts4see01tacsc2,tcp,192.168.96.6,20022,LISTEN
ts4see01tacsc2,tcp,192.168.96.6,22,LISTEN
ts4see01tacsc2,tcp,192.168.96.6,38882,LISTEN
ts4see01tacsc2,tcp,192.168.96.6,4020,LISTEN
ts4see01tacsc2,tcp,192.168.96.6,5000,LISTEN
ts4see01tacsc2,tcp,192.168.96.6,5020,LISTEN
ts4see01tacsc2,tcp,192.168.96.6,5643,LISTEN
ts4see01tacsc2,tcp,192.168.96.6,8888,LISTEN
ts4see01tacsc2,tcp,,,LISTEN
ts4see01tacsc3,tcp,10.217.86.4,11112,LISTEN
ts4see01tacsc3,tcp,10.217.86.4,11115,LISTEN
ts4see01tacsc3,tcp,10.217.86.4,11116,LISTEN
ts4see01tacsc3,tcp,10.217.86.4,11118,LISTEN
ts4see01tacsc3,tcp,10.217.86.4,14311,LISTEN
ts4see01tacsc3,tcp,10.217.86.4,14314,LISTEN
ts4see01tacsc3,tcp,10.217.86.4,14316,LISTEN
ts4see01tacsc3,tcp,10.217.86.4,14317,LISTEN
ts4see01tacsc3,tcp,10.217.86.4,20022,LISTEN
ts4see01tacsc3,tcp,10.217.86.4,22,LISTEN
ts4see01tacsc3,tcp,10.217.86.4,65002,LISTEN
ts4see01tacsc3,tcp,192.168.96.4,13041,LISTEN
ts4see01tacsc3,tcp,192.168.96.4,14387,LISTEN
ts4see01tacsc3,tcp,192.168.96.4,15016,LISTEN
ts4see01tacsc3,tcp,192.168.96.4,15019,LISTEN
ts4see01tacsc3,tcp,192.168.96.4,16675,LISTEN
ts4see01tacsc3,tcp,192.168.96.4,16677,LISTEN
ts4see01tacsc3,tcp,192.168.96.4,16679,LISTEN
ts4see01tacsc3,tcp,192.168.96.4,16900,LISTEN
ts4see01tacsc3,tcp,192.168.96.4,16901,LISTEN
ts4see01tacsc3,tcp,192.168.96.4,20022,LISTEN
ts4see01tacsc3,tcp,192.168.96.4,22,LISTEN
ts4see01tacsc3,tcp,192.168.96.4,38882,LISTEN
ts4see01tacsc3,tcp,192.168.96.4,4020,LISTEN
ts4see01tacsc3,tcp,192.168.96.4,5000,LISTEN
ts4see01tacsc3,tcp,192.168.96.4,5020,LISTEN
ts4see01tacsc3,tcp,192.168.96.4,5643,LISTEN
ts4see01tacsc3,tcp,192.168.96.4,8888,LISTEN
ts4see01tacsc3,tcp,,,LISTEN
ts4uap9600nmuusau01tacsc001,tcp,10.217.86.14,20022,LISTEN
ts4uap9600nmuusau01tacsc001,tcp,10.217.86.14,22,LISTEN
ts4uap9600nmuusau01tacsc001,tcp,10.217.86.14,65002,LISTEN
ts4uap9600nmuusau01tacsc001,tcp,172.29.41.31,12211,LISTEN
ts4uap9600nmuusau01tacsc001,tcp,172.29.41.31,22,LISTEN
ts4uap9600nmuusau01tacsc001,tcp,172.29.41.31,31566,LISTEN
ts4uap9600nmuusau01tacsc001,tcp,172.29.41.31,31606,LISTEN
ts4uap9600nmuusau01tacsc001,tcp,172.29.41.31,61806,LISTEN
ts4uap9600nmuusau01tacsc001,tcp,172.29.41.31,61807,LISTEN
ts4uap9600nmuusau01tacsc001,tcp,172.29.41.31,61808,LISTEN
ts4uap9600nmuusau01tacsc001,tcp,172.29.41.31,61809,LISTEN
ts4uap9600nmuusau01tacsc001,tcp,172.30.41.31,12211,LISTEN
ts4uap9600nmuusau01tacsc001,tcp,172.30.41.31,22,LISTEN
ts4uap9600nmuusau01tacsc001,tcp,172.30.41.31,31566,LISTEN
ts4uap9600nmuusau01tacsc001,tcp,172.30.41.31,31606,LISTEN
ts4uap9600nmuusau01tacsc001,tcp,172.30.41.31,61806,LISTEN
ts4uap9600nmuusau01tacsc001,tcp,172.30.41.31,61807,LISTEN
ts4uap9600nmuusau01tacsc001,tcp,172.30.41.31,61808,LISTEN
ts4uap9600nmuusau01tacsc001,tcp,172.30.41.31,61809,LISTEN
ts4uap9600nmuusau01tacsc001,tcp,,,LISTEN
ts4uap9600nmuusau01tacsc002,tcp,10.217.86.15,22,LISTEN
ts4uap9600nmuusau01tacsc002,tcp,10.217.86.15,65002,LISTEN
ts4uap9600nmuusau01tacsc002,tcp,10.217.86.16,20022,LISTEN
ts4uap9600nmuusau01tacsc002,tcp,10.217.86.16,22,LISTEN
ts4uap9600nmuusau01tacsc002,tcp,10.217.86.16,31000,LISTEN
ts4uap9600nmuusau01tacsc002,tcp,10.217.86.16,31200,LISTEN
ts4uap9600nmuusau01tacsc002,tcp,10.217.86.16,31201,LISTEN
ts4uap9600nmuusau01tacsc002,tcp,10.217.86.16,31202,LISTEN
ts4uap9600nmuusau01tacsc002,tcp,10.217.86.16,31205,LISTEN
ts4uap9600nmuusau01tacsc002,tcp,10.217.86.16,31206,LISTEN
ts4uap9600nmuusau01tacsc002,tcp,10.217.86.16,31207,LISTEN
ts4uap9600nmuusau01tacsc002,tcp,10.217.86.16,31208,LISTEN
ts4uap9600nmuusau01tacsc002,tcp,10.217.86.16,31209,LISTEN
ts4uap9600nmuusau01tacsc002,tcp,10.217.86.16,31210,LISTEN
ts4uap9600nmuusau01tacsc002,tcp,10.217.86.16,31211,LISTEN
ts4uap9600nmuusau01tacsc002,tcp,10.217.86.16,31212,LISTEN
ts4uap9600nmuusau01tacsc002,tcp,10.217.86.16,31213,LISTEN
ts4uap9600nmuusau01tacsc002,tcp,10.217.86.16,31214,LISTEN
ts4uap9600nmuusau01tacsc002,tcp,10.217.86.16,31216,LISTEN
ts4uap9600nmuusau01tacsc002,tcp,10.217.86.16,31218,LISTEN
ts4uap9600nmuusau01tacsc002,tcp,10.217.86.16,31219,LISTEN
ts4uap9600nmuusau01tacsc002,tcp,10.217.86.16,31233,LISTEN
ts4uap9600nmuusau01tacsc002,tcp,10.217.86.16,31235,LISTEN
ts4uap9600nmuusau01tacsc002,tcp,10.217.86.16,31266,LISTEN
ts4uap9600nmuusau01tacsc002,tcp,10.217.86.16,6006,LISTEN
ts4uap9600nmuusau01tacsc002,tcp,10.217.86.16,8000,LISTEN
ts4uap9600nmuusau01tacsc002,tcp,10.217.86.16,8001,LISTEN
ts4uap9600nmuusau01tacsc002,tcp,10.217.86.16,8008,LISTEN
ts4uap9600nmuusau01tacsc002,tcp,10.217.86.16,8848,LISTEN
ts4uap9600nmuusau01tacsc002,tcp,10.217.86.16,9100,LISTEN
ts4uap9600nmuusau01tacsc002,tcp,10.217.86.16,9101,LISTEN
ts4uap9600nmuusau01tacsc002,tcp,172.0.41.1,1500,LISTEN
ts4uap9600nmuusau01tacsc002,tcp,172.0.41.1,1501,LISTEN
ts4uap9600nmuusau01tacsc002,tcp,172.0.41.1,1600,LISTEN
ts4uap9600nmuusau01tacsc002,tcp,172.0.41.1,20022,LISTEN
ts4uap9600nmuusau01tacsc002,tcp,172.0.41.2,22,LISTEN
ts4uap9600nmuusau01tacsc002,tcp,172.29.41.32,12211,LISTEN
ts4uap9600nmuusau01tacsc002,tcp,172.29.41.32,22,LISTEN
ts4uap9600nmuusau01tacsc002,tcp,172.29.41.32,31566,LISTEN
ts4uap9600nmuusau01tacsc002,tcp,172.29.41.32,31606,LISTEN
ts4uap9600nmuusau01tacsc002,tcp,172.29.41.32,61806,LISTEN
ts4uap9600nmuusau01tacsc002,tcp,172.29.41.32,61807,LISTEN
ts4uap9600nmuusau01tacsc002,tcp,172.29.41.32,61808,LISTEN
ts4uap9600nmuusau01tacsc002,tcp,172.29.41.32,61809,LISTEN
ts4uap9600nmuusau01tacsc002,tcp,172.30.41.32,12211,LISTEN
ts4uap9600nmuusau01tacsc002,tcp,172.30.41.32,22,LISTEN
ts4uap9600nmuusau01tacsc002,tcp,172.30.41.32,31566,LISTEN
ts4uap9600nmuusau01tacsc002,tcp,172.30.41.32,31606,LISTEN
ts4uap9600nmuusau01tacsc002,tcp,172.30.41.32,61806,LISTEN
ts4uap9600nmuusau01tacsc002,tcp,172.30.41.32,61807,LISTEN
ts4uap9600nmuusau01tacsc002,tcp,172.30.41.32,61808,LISTEN
ts4uap9600nmuusau01tacsc002,tcp,172.30.41.32,61809,LISTEN
ts4uap9600nmuusau01tacsc002,tcp,,,LISTEN
ts4uap9600pmuusau01tacsc001,tcp,0.0.0.0,22,LISTEN
ts4uap9600pmuusau01tacsc001,tcp,,,LISTEN
ts4uap9600pmuusau01tacsc002,tcp,0.0.0.0,22,LISTEN
ts4uap9600pmuusau01tacsc002,tcp,,,LISTEN
ts4usrdb02tacsc001,tcp,10.217.86.35,14311,LISTEN
ts4usrdb02tacsc001,tcp,10.217.86.35,14314,LISTEN
ts4usrdb02tacsc001,tcp,10.217.86.35,14316,LISTEN
ts4usrdb02tacsc001,tcp,10.217.86.35,14317,LISTEN
ts4usrdb02tacsc001,tcp,10.217.86.35,1858,LISTEN
ts4usrdb02tacsc001,tcp,10.217.86.35,1859,LISTEN
ts4usrdb02tacsc001,tcp,10.217.86.35,1888,LISTEN
ts4usrdb02tacsc001,tcp,10.217.86.35,1889,LISTEN
ts4usrdb02tacsc001,tcp,10.217.86.35,20022,LISTEN
ts4usrdb02tacsc001,tcp,10.217.86.35,22,LISTEN
ts4usrdb02tacsc001,tcp,10.217.86.35,38443,LISTEN
ts4usrdb02tacsc001,tcp,10.217.86.35,65002,LISTEN
ts4usrdb02tacsc001,tcp,10.217.86.35,65202,LISTEN
ts4usrdb02tacsc001,tcp,10.217.86.37,20022,LISTEN
ts4usrdb02tacsc001,tcp,10.217.86.37,22,LISTEN
ts4usrdb02tacsc001,tcp,192.168.148.22,1888,LISTEN
ts4usrdb02tacsc001,tcp,192.168.148.22,1889,LISTEN
ts4usrdb02tacsc001,tcp,192.168.148.22,20022,LISTEN
ts4usrdb02tacsc001,tcp,192.168.148.22,22,LISTEN
ts4usrdb02tacsc001,tcp,192.168.148.24,20022,LISTEN
ts4usrdb02tacsc001,tcp,192.168.148.24,22,LISTEN
ts4usrdb02tacsc001,tcp,192.168.96.35,1858,LISTEN
ts4usrdb02tacsc001,tcp,192.168.96.35,1859,LISTEN
ts4usrdb02tacsc001,tcp,192.168.96.35,1863,LISTEN
ts4usrdb02tacsc001,tcp,192.168.96.35,1868,LISTEN
ts4usrdb02tacsc001,tcp,192.168.96.35,1869,LISTEN
ts4usrdb02tacsc001,tcp,192.168.96.35,1870,LISTEN
ts4usrdb02tacsc001,tcp,192.168.96.35,1871,LISTEN
ts4usrdb02tacsc001,tcp,192.168.96.35,1888,LISTEN
ts4usrdb02tacsc001,tcp,192.168.96.35,1889,LISTEN
ts4usrdb02tacsc001,tcp,192.168.96.35,20022,LISTEN
ts4usrdb02tacsc001,tcp,192.168.96.35,22,LISTEN
ts4usrdb02tacsc001,tcp,192.168.96.35,5679,LISTEN
ts4usrdb02tacsc001,tcp,192.168.96.37,11112,LISTEN
ts4usrdb02tacsc001,tcp,192.168.96.37,11116,LISTEN
ts4usrdb02tacsc001,tcp,192.168.96.37,11118,LISTEN
ts4usrdb02tacsc001,tcp,192.168.96.37,1684,LISTEN
ts4usrdb02tacsc001,tcp,192.168.96.37,1685,LISTEN
ts4usrdb02tacsc001,tcp,192.168.96.37,1686,LISTEN
ts4usrdb02tacsc001,tcp,192.168.96.37,1687,LISTEN
ts4usrdb02tacsc001,tcp,192.168.96.37,20022,LISTEN
ts4usrdb02tacsc001,tcp,192.168.96.37,22,LISTEN
ts4usrdb02tacsc001,tcp,192.168.96.37,5679,LISTEN
ts4usrdb02tacsc001,tcp,192.168.96.98,11116,LISTEN
ts4usrdb02tacsc001,tcp,,,LISTEN
ts4usrdb02tacsc002,tcp,10.217.86.36,14311,LISTEN
ts4usrdb02tacsc002,tcp,10.217.86.36,14314,LISTEN
ts4usrdb02tacsc002,tcp,10.217.86.36,14316,LISTEN
ts4usrdb02tacsc002,tcp,10.217.86.36,14317,LISTEN
ts4usrdb02tacsc002,tcp,10.217.86.36,1858,LISTEN
ts4usrdb02tacsc002,tcp,10.217.86.36,1859,LISTEN
ts4usrdb02tacsc002,tcp,10.217.86.36,1888,LISTEN
ts4usrdb02tacsc002,tcp,10.217.86.36,1889,LISTEN
ts4usrdb02tacsc002,tcp,10.217.86.36,20022,LISTEN
ts4usrdb02tacsc002,tcp,10.217.86.36,22,LISTEN
ts4usrdb02tacsc002,tcp,10.217.86.36,38080,LISTEN
ts4usrdb02tacsc002,tcp,10.217.86.36,38443,LISTEN
ts4usrdb02tacsc002,tcp,10.217.86.36,65002,LISTEN
ts4usrdb02tacsc002,tcp,10.217.86.36,65202,LISTEN
ts4usrdb02tacsc002,tcp,10.217.86.98,1888,LISTEN
ts4usrdb02tacsc002,tcp,10.217.86.98,1889,LISTEN
ts4usrdb02tacsc002,tcp,192.168.148.23,1888,LISTEN
ts4usrdb02tacsc002,tcp,192.168.148.23,1889,LISTEN
ts4usrdb02tacsc002,tcp,192.168.148.23,20022,LISTEN
ts4usrdb02tacsc002,tcp,192.168.148.23,22,LISTEN
ts4usrdb02tacsc002,tcp,192.168.96.36,1858,LISTEN
ts4usrdb02tacsc002,tcp,192.168.96.36,1859,LISTEN
ts4usrdb02tacsc002,tcp,192.168.96.36,1863,LISTEN
ts4usrdb02tacsc002,tcp,192.168.96.36,1868,LISTEN
ts4usrdb02tacsc002,tcp,192.168.96.36,1869,LISTEN
ts4usrdb02tacsc002,tcp,192.168.96.36,1888,LISTEN
ts4usrdb02tacsc002,tcp,192.168.96.36,1889,LISTEN
ts4usrdb02tacsc002,tcp,192.168.96.36,20022,LISTEN
ts4usrdb02tacsc002,tcp,192.168.96.36,22,LISTEN
ts4usrdb02tacsc002,tcp,192.168.96.36,5679,LISTEN
ts4usrdb02tacsc002,tcp,192.168.96.98,1888,LISTEN
ts4usrdb02tacsc002,tcp,192.168.96.98,1889,LISTEN
ts4usrdb02tacsc002,tcp,,,LISTEN
ts4zookeeper01tacsc001,tcp,10.217.86.88,11600,LISTEN
ts4zookeeper01tacsc001,tcp,10.217.86.88,14311,LISTEN
ts4zookeeper01tacsc001,tcp,10.217.86.88,14314,LISTEN
ts4zookeeper01tacsc001,tcp,10.217.86.88,14316,LISTEN
ts4zookeeper01tacsc001,tcp,10.217.86.88,14317,LISTEN
ts4zookeeper01tacsc001,tcp,10.217.86.88,20022,LISTEN
ts4zookeeper01tacsc001,tcp,10.217.86.88,22,LISTEN
ts4zookeeper01tacsc001,tcp,10.217.86.88,65002,LISTEN
ts4zookeeper01tacsc001,tcp,10.217.86.88,65202,LISTEN
ts4zookeeper01tacsc001,tcp,192.168.96.85,11600,LISTEN
ts4zookeeper01tacsc001,tcp,192.168.96.85,3888,LISTEN
ts4zookeeper01tacsc001,tcp,,,LISTEN
ts4zookeeper01tacsc002,tcp,10.217.86.89,11600,LISTEN
ts4zookeeper01tacsc002,tcp,10.217.86.89,14311,LISTEN
ts4zookeeper01tacsc002,tcp,10.217.86.89,14314,LISTEN
ts4zookeeper01tacsc002,tcp,10.217.86.89,14316,LISTEN
ts4zookeeper01tacsc002,tcp,10.217.86.89,14317,LISTEN
ts4zookeeper01tacsc002,tcp,10.217.86.89,20022,LISTEN
ts4zookeeper01tacsc002,tcp,10.217.86.89,22,LISTEN
ts4zookeeper01tacsc002,tcp,10.217.86.89,65002,LISTEN
ts4zookeeper01tacsc002,tcp,10.217.86.89,65202,LISTEN
ts4zookeeper01tacsc002,tcp,192.168.96.89,11600,LISTEN
ts4zookeeper01tacsc002,tcp,192.168.96.89,2888,LISTEN
ts4zookeeper01tacsc002,tcp,192.168.96.89,3888,LISTEN
ts4zookeeper01tacsc002,tcp,,,LISTEN
ts4zookeeper01tacsc003,tcp,10.217.86.90,11600,LISTEN
ts4zookeeper01tacsc003,tcp,10.217.86.90,14314,LISTEN
ts4zookeeper01tacsc003,tcp,10.217.86.90,14316,LISTEN
ts4zookeeper01tacsc003,tcp,10.217.86.90,14317,LISTEN
ts4zookeeper01tacsc003,tcp,10.217.86.90,20022,LISTEN
ts4zookeeper01tacsc003,tcp,10.217.86.90,22,LISTEN
ts4zookeeper01tacsc003,tcp,10.217.86.90,65002,LISTEN
ts4zookeeper01tacsc003,tcp,10.217.86.90,65202,LISTEN
ts4zookeeper01tacsc003,tcp,192.168.96.87,11600,LISTEN
ts4zookeeper01tacsc003,tcp,192.168.96.87,3888,LISTEN
ts4zookeeper01tacsc003,tcp,,,LISTEN
